"LOCATION","INDICATOR","SUBJECT","MEASURE","FREQUENCY","TIME","Value","Flag Codes"
"AUS","TOUR_REC_EXP","INT_REC","USD","A","2008",31159.8,
"AUS","TOUR_REC_EXP","INT_REC","USD","A","2009",29980.7,
"AUS","TOUR_REC_EXP","INT_REC","USD","A","2010",35165.5,
"AUS","TOUR_REC_EXP","INT_REC","USD","A","2011",38710.1,
"AUS","TOUR_REC_EXP","INT_REC","USD","A","2012",38003.7,
"AUS","TOUR_REC_EXP","INT_REC","USD","A","2013",36965,
"AUS","TOUR_REC_EXP","INT_REC","USD","A","2014",38047.9,
"AUS","TOUR_REC_EXP","INT_REC","USD","A","2015",36226,
"AUS","TOUR_REC_EXP","INT_REC","USD","A","2016",39082.3,
"AUS","TOUR_REC_EXP","INT_REC","USD","A","2017",43974.4,
"AUS","TOUR_REC_EXP","INT_REC","USD","A","2018",47259.8,
"AUS","TOUR_REC_EXP","INT_REC","USD","A","2019",47930.9,
"AUS","TOUR_REC_EXP","INT_REC","USD","A","2020",26414.1,
"AUS","TOUR_REC_EXP","INT-EXP","USD","A","2008",27620,
"AUS","TOUR_REC_EXP","INT-EXP","USD","A","2009",25629.6,
"AUS","TOUR_REC_EXP","INT-EXP","USD","A","2010",31916.5,
"AUS","TOUR_REC_EXP","INT-EXP","USD","A","2011",39381.5,
"AUS","TOUR_REC_EXP","INT-EXP","USD","A","2012",41632.8,
"AUS","TOUR_REC_EXP","INT-EXP","USD","A","2013",42428.3,
"AUS","TOUR_REC_EXP","INT-EXP","USD","A","2014",38774.5,
"AUS","TOUR_REC_EXP","INT-EXP","USD","A","2015",34102.9,
"AUS","TOUR_REC_EXP","INT-EXP","USD","A","2016",35674.6,
"AUS","TOUR_REC_EXP","INT-EXP","USD","A","2017",39644.9,
"AUS","TOUR_REC_EXP","INT-EXP","USD","A","2018",42478,
"AUS","TOUR_REC_EXP","INT-EXP","USD","A","2019",41367.2,
"AUS","TOUR_REC_EXP","INT-EXP","USD","A","2020",7964.4,
"AUT","TOUR_REC_EXP","INT_REC","USD","A","2008",21499.2,
"AUT","TOUR_REC_EXP","INT_REC","USD","A","2009",19302.8,
"AUT","TOUR_REC_EXP","INT_REC","USD","A","2010",18577.7,
"AUT","TOUR_REC_EXP","INT_REC","USD","A","2011",19833,
"AUT","TOUR_REC_EXP","INT_REC","USD","A","2012",21389.2,
"AUT","TOUR_REC_EXP","INT_REC","USD","A","2013",22741.3,
"AUT","TOUR_REC_EXP","INT_REC","USD","A","2014",23174.4,
"AUT","TOUR_REC_EXP","INT_REC","USD","A","2015",20360.8,
"AUT","TOUR_REC_EXP","INT_REC","USD","A","2016",20978,
"AUT","TOUR_REC_EXP","INT_REC","USD","A","2017",22539.4,
"AUT","TOUR_REC_EXP","INT_REC","USD","A","2018",25277.1,
"AUT","TOUR_REC_EXP","INT_REC","USD","A","2019",25890.1,
"AUT","TOUR_REC_EXP","INT_REC","USD","A","2020",15346.5,
"AUT","TOUR_REC_EXP","INT_REC","USD","A","2021",11938.583,
"AUT","TOUR_REC_EXP","INT-EXP","USD","A","2008",11309.9,
"AUT","TOUR_REC_EXP","INT-EXP","USD","A","2009",10757.9,
"AUT","TOUR_REC_EXP","INT-EXP","USD","A","2010",10221.9,
"AUT","TOUR_REC_EXP","INT-EXP","USD","A","2011",10469.1,
"AUT","TOUR_REC_EXP","INT-EXP","USD","A","2012",12376.4,
"AUT","TOUR_REC_EXP","INT-EXP","USD","A","2013",12744.7,
"AUT","TOUR_REC_EXP","INT-EXP","USD","A","2014",13536.2,
"AUT","TOUR_REC_EXP","INT-EXP","USD","A","2015",11311.5,
"AUT","TOUR_REC_EXP","INT-EXP","USD","A","2016",11580.5,
"AUT","TOUR_REC_EXP","INT-EXP","USD","A","2017",12765.4,
"AUT","TOUR_REC_EXP","INT-EXP","USD","A","2018",14132.5,
"AUT","TOUR_REC_EXP","INT-EXP","USD","A","2019",13983.3,
"AUT","TOUR_REC_EXP","INT-EXP","USD","A","2020",5169.6,
"AUT","TOUR_REC_EXP","INT-EXP","USD","A","2021",8826.793,
"BEL","TOUR_REC_EXP","INT_REC","USD","A","2008",13117.515,
"BEL","TOUR_REC_EXP","INT_REC","USD","A","2009",13008.393,
"BEL","TOUR_REC_EXP","INT_REC","USD","A","2010",12695.1,
"BEL","TOUR_REC_EXP","INT_REC","USD","A","2011",14081,
"BEL","TOUR_REC_EXP","INT_REC","USD","A","2012",13722.8,
"BEL","TOUR_REC_EXP","INT_REC","USD","A","2013",14528.3,
"BEL","TOUR_REC_EXP","INT_REC","USD","A","2014",15255.2,
"BEL","TOUR_REC_EXP","INT_REC","USD","A","2015",8977.1,
"BEL","TOUR_REC_EXP","INT_REC","USD","A","2016",8785.5,
"BEL","TOUR_REC_EXP","INT_REC","USD","A","2017",9622.6,
"BEL","TOUR_REC_EXP","INT_REC","USD","A","2018",10331,
"BEL","TOUR_REC_EXP","INT_REC","USD","A","2019",10590.3,
"BEL","TOUR_REC_EXP","INT_REC","USD","A","2020",7458.5,
"BEL","TOUR_REC_EXP","INT-EXP","USD","A","2008",21525.615,
"BEL","TOUR_REC_EXP","INT-EXP","USD","A","2009",20037.703,
"BEL","TOUR_REC_EXP","INT-EXP","USD","A","2010",20941,
"BEL","TOUR_REC_EXP","INT-EXP","USD","A","2011",22708.4,
"BEL","TOUR_REC_EXP","INT-EXP","USD","A","2012",22449.2,
"BEL","TOUR_REC_EXP","INT-EXP","USD","A","2013",24521,
"BEL","TOUR_REC_EXP","INT-EXP","USD","A","2014",26446.5,
"BEL","TOUR_REC_EXP","INT-EXP","USD","A","2015",15857.1,
"BEL","TOUR_REC_EXP","INT-EXP","USD","A","2016",16503.9,
"BEL","TOUR_REC_EXP","INT-EXP","USD","A","2017",17759.7,
"BEL","TOUR_REC_EXP","INT-EXP","USD","A","2018",20829.6,
"BEL","TOUR_REC_EXP","INT-EXP","USD","A","2019",21015.9,
"BEL","TOUR_REC_EXP","INT-EXP","USD","A","2020",13912,
"CAN","TOUR_REC_EXP","INT_REC","USD","A","2008",19603.8,
"CAN","TOUR_REC_EXP","INT_REC","USD","A","2009",16767.8,
"CAN","TOUR_REC_EXP","INT_REC","USD","A","2010",20240.6,
"CAN","TOUR_REC_EXP","INT_REC","USD","A","2011",22296.5,
"CAN","TOUR_REC_EXP","INT_REC","USD","A","2012",23438.9,
"CAN","TOUR_REC_EXP","INT_REC","USD","A","2013",24190,
"CAN","TOUR_REC_EXP","INT_REC","USD","A","2014",24580.2,
"CAN","TOUR_REC_EXP","INT_REC","USD","A","2015",23083.7,
"CAN","TOUR_REC_EXP","INT_REC","USD","A","2016",25685.4,
"CAN","TOUR_REC_EXP","INT_REC","USD","A","2017",28459.1,
"CAN","TOUR_REC_EXP","INT_REC","USD","A","2018",30836.9,
"CAN","TOUR_REC_EXP","INT_REC","USD","A","2019",33406.1,
"CAN","TOUR_REC_EXP","INT_REC","USD","A","2020",14087.9,
"CAN","TOUR_REC_EXP","INT_REC","USD","A","2021",14233.453,
"CAN","TOUR_REC_EXP","INT-EXP","USD","A","2008",34820.1,
"CAN","TOUR_REC_EXP","INT-EXP","USD","A","2009",31663.4,
"CAN","TOUR_REC_EXP","INT-EXP","USD","A","2010",38933.6,
"CAN","TOUR_REC_EXP","INT-EXP","USD","A","2011",43166.7,
"CAN","TOUR_REC_EXP","INT-EXP","USD","A","2012",45144.6,
"CAN","TOUR_REC_EXP","INT-EXP","USD","A","2013",45746.3,
"CAN","TOUR_REC_EXP","INT-EXP","USD","A","2014",44946,
"CAN","TOUR_REC_EXP","INT-EXP","USD","A","2015",40333.6,
"CAN","TOUR_REC_EXP","INT-EXP","USD","A","2016",39178.7,
"CAN","TOUR_REC_EXP","INT-EXP","USD","A","2017",41888,
"CAN","TOUR_REC_EXP","INT-EXP","USD","A","2018",42313.1,
"CAN","TOUR_REC_EXP","INT-EXP","USD","A","2019",43249.3,
"CAN","TOUR_REC_EXP","INT-EXP","USD","A","2020",13972.4,
"CAN","TOUR_REC_EXP","INT-EXP","USD","A","2021",10227.479,
"CZE","TOUR_REC_EXP","INT_REC","USD","A","2008",8801.611,
"CZE","TOUR_REC_EXP","INT_REC","USD","A","2009",7874.834,
"CZE","TOUR_REC_EXP","INT_REC","USD","A","2010",8065.4,
"CZE","TOUR_REC_EXP","INT_REC","USD","A","2011",8929,
"CZE","TOUR_REC_EXP","INT_REC","USD","A","2012",8174.1,
"CZE","TOUR_REC_EXP","INT_REC","USD","A","2013",7792.6,
"CZE","TOUR_REC_EXP","INT_REC","USD","A","2014",7619.6,
"CZE","TOUR_REC_EXP","INT_REC","USD","A","2015",6766.5,
"CZE","TOUR_REC_EXP","INT_REC","USD","A","2016",7039.7,
"CZE","TOUR_REC_EXP","INT_REC","USD","A","2017",7655.4,
"CZE","TOUR_REC_EXP","INT_REC","USD","A","2018",8281.5,
"CZE","TOUR_REC_EXP","INT_REC","USD","A","2019",7968.6,
"CZE","TOUR_REC_EXP","INT_REC","USD","A","2020",3886.1,
"CZE","TOUR_REC_EXP","INT-EXP","USD","A","2008",4749.628,
"CZE","TOUR_REC_EXP","INT-EXP","USD","A","2009",4128.136,
"CZE","TOUR_REC_EXP","INT-EXP","USD","A","2010",4352.2,
"CZE","TOUR_REC_EXP","INT-EXP","USD","A","2011",4855.6,
"CZE","TOUR_REC_EXP","INT-EXP","USD","A","2012",4557.5,
"CZE","TOUR_REC_EXP","INT-EXP","USD","A","2013",4697.9,
"CZE","TOUR_REC_EXP","INT-EXP","USD","A","2014",5182,
"CZE","TOUR_REC_EXP","INT-EXP","USD","A","2015",4818.4,
"CZE","TOUR_REC_EXP","INT-EXP","USD","A","2016",4961.6,
"CZE","TOUR_REC_EXP","INT-EXP","USD","A","2017",5509,
"CZE","TOUR_REC_EXP","INT-EXP","USD","A","2018",6069.1,
"CZE","TOUR_REC_EXP","INT-EXP","USD","A","2019",6033.9,
"CZE","TOUR_REC_EXP","INT-EXP","USD","A","2020",3488,
"DNK","TOUR_REC_EXP","INT_REC","USD","A","2008",8751.64,
"DNK","TOUR_REC_EXP","INT_REC","USD","A","2009",7501.394,
"DNK","TOUR_REC_EXP","INT_REC","USD","A","2010",7778.2,
"DNK","TOUR_REC_EXP","INT_REC","USD","A","2011",8916.4,
"DNK","TOUR_REC_EXP","INT_REC","USD","A","2012",8763.5,
"DNK","TOUR_REC_EXP","INT_REC","USD","A","2013",9957.3,
"DNK","TOUR_REC_EXP","INT_REC","USD","A","2014",10416.7,
"DNK","TOUR_REC_EXP","INT_REC","USD","A","2015",8936.3,
"DNK","TOUR_REC_EXP","INT_REC","USD","A","2016",9857.4,
"DNK","TOUR_REC_EXP","INT_REC","USD","A","2017",11341.8,
"DNK","TOUR_REC_EXP","INT_REC","USD","A","2018",11671.6,
"DNK","TOUR_REC_EXP","INT_REC","USD","A","2019",11106.4,
"DNK","TOUR_REC_EXP","INT_REC","USD","A","2020",4837.9,
"DNK","TOUR_REC_EXP","INT_REC","USD","A","2021",5534.814,
"DNK","TOUR_REC_EXP","INT-EXP","USD","A","2008",10379.687,
"DNK","TOUR_REC_EXP","INT-EXP","USD","A","2009",10724.379,
"DNK","TOUR_REC_EXP","INT-EXP","USD","A","2010",10619.9,
"DNK","TOUR_REC_EXP","INT-EXP","USD","A","2011",11832.2,
"DNK","TOUR_REC_EXP","INT-EXP","USD","A","2012",11208.4,
"DNK","TOUR_REC_EXP","INT-EXP","USD","A","2013",11871.1,
"DNK","TOUR_REC_EXP","INT-EXP","USD","A","2014",12343.4,
"DNK","TOUR_REC_EXP","INT-EXP","USD","A","2015",10717.8,
"DNK","TOUR_REC_EXP","INT-EXP","USD","A","2016",10941.5,
"DNK","TOUR_REC_EXP","INT-EXP","USD","A","2017",11554.6,
"DNK","TOUR_REC_EXP","INT-EXP","USD","A","2018",12513.2,
"DNK","TOUR_REC_EXP","INT-EXP","USD","A","2019",12036.8,
"DNK","TOUR_REC_EXP","INT-EXP","USD","A","2020",6291.2,
"FIN","TOUR_REC_EXP","INT_REC","USD","A","2008",3742.294,
"FIN","TOUR_REC_EXP","INT_REC","USD","A","2009",3237.845,
"FIN","TOUR_REC_EXP","INT_REC","USD","A","2010",3520.996,
"FIN","TOUR_REC_EXP","INT_REC","USD","A","2011",5577.872,
"FIN","TOUR_REC_EXP","INT_REC","USD","A","2012",5427.692,
"FIN","TOUR_REC_EXP","INT_REC","USD","A","2013",5777.3,
"FIN","TOUR_REC_EXP","INT_REC","USD","A","2014",5466.7,
"FIN","TOUR_REC_EXP","INT_REC","USD","A","2015",4009.8,
"FIN","TOUR_REC_EXP","INT_REC","USD","A","2016",4015.8,
"FIN","TOUR_REC_EXP","INT_REC","USD","A","2017",5188.6,
"FIN","TOUR_REC_EXP","INT_REC","USD","A","2018",5766.6,
"FIN","TOUR_REC_EXP","INT_REC","USD","A","2019",5597.4,
"FIN","TOUR_REC_EXP","INT_REC","USD","A","2020",1784.1,
"FIN","TOUR_REC_EXP","INT-EXP","USD","A","2008",4868.231,
"FIN","TOUR_REC_EXP","INT-EXP","USD","A","2009",4716.278,
"FIN","TOUR_REC_EXP","INT-EXP","USD","A","2010",4647.842,
"FIN","TOUR_REC_EXP","INT-EXP","USD","A","2011",5997.65,
"FIN","TOUR_REC_EXP","INT-EXP","USD","A","2012",5843.589,
"FIN","TOUR_REC_EXP","INT-EXP","USD","A","2013",6388.3,
"FIN","TOUR_REC_EXP","INT-EXP","USD","A","2014",6329,
"FIN","TOUR_REC_EXP","INT-EXP","USD","A","2015",5790.6,
"FIN","TOUR_REC_EXP","INT-EXP","USD","A","2016",6199.8,
"FIN","TOUR_REC_EXP","INT-EXP","USD","A","2017",6710.3,
"FIN","TOUR_REC_EXP","INT-EXP","USD","A","2018",7235.7,
"FIN","TOUR_REC_EXP","INT-EXP","USD","A","2019",5680.2,
"FIN","TOUR_REC_EXP","INT-EXP","USD","A","2020",1975.9,
"FRA","TOUR_REC_EXP","INT_REC","USD","A","2008",66878.091,
"FRA","TOUR_REC_EXP","INT_REC","USD","A","2009",58610.002,
"FRA","TOUR_REC_EXP","INT_REC","USD","A","2010",56735.9,
"FRA","TOUR_REC_EXP","INT_REC","USD","A","2011",65728.1,
"FRA","TOUR_REC_EXP","INT_REC","USD","A","2012",64306.3,
"FRA","TOUR_REC_EXP","INT_REC","USD","A","2013",66169.5,
"FRA","TOUR_REC_EXP","INT_REC","USD","A","2014",67113.3,
"FRA","TOUR_REC_EXP","INT_REC","USD","A","2015",66461,
"FRA","TOUR_REC_EXP","INT_REC","USD","A","2016",63387.9,
"FRA","TOUR_REC_EXP","INT_REC","USD","A","2017",67342.6,
"FRA","TOUR_REC_EXP","INT_REC","USD","A","2018",72693.6,
"FRA","TOUR_REC_EXP","INT_REC","USD","A","2019",70867.2,
"FRA","TOUR_REC_EXP","INT_REC","USD","A","2020",35915.2,
"FRA","TOUR_REC_EXP","INT-EXP","USD","A","2008",49670.781,
"FRA","TOUR_REC_EXP","INT-EXP","USD","A","2009",45665.514,
"FRA","TOUR_REC_EXP","INT-EXP","USD","A","2010",46866.8,
"FRA","TOUR_REC_EXP","INT-EXP","USD","A","2011",55365,
"FRA","TOUR_REC_EXP","INT-EXP","USD","A","2012",50222.5,
"FRA","TOUR_REC_EXP","INT-EXP","USD","A","2013",52483.2,
"FRA","TOUR_REC_EXP","INT-EXP","USD","A","2014",58448.7,
"FRA","TOUR_REC_EXP","INT-EXP","USD","A","2015",47721.2,
"FRA","TOUR_REC_EXP","INT-EXP","USD","A","2016",48970.5,
"FRA","TOUR_REC_EXP","INT-EXP","USD","A","2017",53595.4,
"FRA","TOUR_REC_EXP","INT-EXP","USD","A","2018",59241.4,
"FRA","TOUR_REC_EXP","INT-EXP","USD","A","2019",59785.5,
"FRA","TOUR_REC_EXP","INT-EXP","USD","A","2020",31258.6,
"DEU","TOUR_REC_EXP","INT_REC","USD","A","2008",53187.828,
"DEU","TOUR_REC_EXP","INT_REC","USD","A","2009",47203.349,
"DEU","TOUR_REC_EXP","INT_REC","USD","A","2010",49284.8,
"DEU","TOUR_REC_EXP","INT_REC","USD","A","2011",53403.7,
"DEU","TOUR_REC_EXP","INT_REC","USD","A","2012",51724.3,
"DEU","TOUR_REC_EXP","INT_REC","USD","A","2013",54944.2,
"DEU","TOUR_REC_EXP","INT_REC","USD","A","2014",58160.4,
"DEU","TOUR_REC_EXP","INT_REC","USD","A","2015",50187.8,
"DEU","TOUR_REC_EXP","INT_REC","USD","A","2016",52199.4,
"DEU","TOUR_REC_EXP","INT_REC","USD","A","2017",40095.8,
"DEU","TOUR_REC_EXP","INT_REC","USD","A","2018",59797.7,
"DEU","TOUR_REC_EXP","INT_REC","USD","A","2019",41805.7,
"DEU","TOUR_REC_EXP","INT_REC","USD","A","2020",22079.8,
"DEU","TOUR_REC_EXP","INT-EXP","USD","A","2008",105000.183,
"DEU","TOUR_REC_EXP","INT-EXP","USD","A","2009",92497.948,
"DEU","TOUR_REC_EXP","INT-EXP","USD","A","2010",91442.6,
"DEU","TOUR_REC_EXP","INT-EXP","USD","A","2011",99555.4,
"DEU","TOUR_REC_EXP","INT-EXP","USD","A","2012",96644.4,
"DEU","TOUR_REC_EXP","INT-EXP","USD","A","2013",102423.2,
"DEU","TOUR_REC_EXP","INT-EXP","USD","A","2014",101472.2,
"DEU","TOUR_REC_EXP","INT-EXP","USD","A","2015",85059.7,
"DEU","TOUR_REC_EXP","INT-EXP","USD","A","2016",87281.5,
"DEU","TOUR_REC_EXP","INT-EXP","USD","A","2017",89092.3,
"DEU","TOUR_REC_EXP","INT-EXP","USD","A","2018",104086.3,
"DEU","TOUR_REC_EXP","INT-EXP","USD","A","2019",93243.3,
"DEU","TOUR_REC_EXP","INT-EXP","USD","A","2020",38867.8,
"GRC","TOUR_REC_EXP","INT_REC","USD","A","2008",17212.437,
"GRC","TOUR_REC_EXP","INT_REC","USD","A","2009",14562.259,
"GRC","TOUR_REC_EXP","INT_REC","USD","A","2010",12843.3,
"GRC","TOUR_REC_EXP","INT_REC","USD","A","2011",14871.1,
"GRC","TOUR_REC_EXP","INT_REC","USD","A","2012",14876.2,
"GRC","TOUR_REC_EXP","INT_REC","USD","A","2013",17489.1,
"GRC","TOUR_REC_EXP","INT_REC","USD","A","2014",19465,
"GRC","TOUR_REC_EXP","INT_REC","USD","A","2015",17557.2,
"GRC","TOUR_REC_EXP","INT_REC","USD","A","2016",16698.6,
"GRC","TOUR_REC_EXP","INT_REC","USD","A","2017",18776.2,
"GRC","TOUR_REC_EXP","INT_REC","USD","A","2018",21782,
"GRC","TOUR_REC_EXP","INT_REC","USD","A","2019",23081.4,
"GRC","TOUR_REC_EXP","INT_REC","USD","A","2020",6114.3,
"GRC","TOUR_REC_EXP","INT_REC","USD","A","2021",13745.072,
"GRC","TOUR_REC_EXP","INT-EXP","USD","A","2008",3940.923,
"GRC","TOUR_REC_EXP","INT-EXP","USD","A","2009",3387.725,
"GRC","TOUR_REC_EXP","INT-EXP","USD","A","2010",2878.7,
"GRC","TOUR_REC_EXP","INT-EXP","USD","A","2011",3233.2,
"GRC","TOUR_REC_EXP","INT-EXP","USD","A","2012",3008.8,
"GRC","TOUR_REC_EXP","INT-EXP","USD","A","2013",3768.2,
"GRC","TOUR_REC_EXP","INT-EXP","USD","A","2014",4003.9,
"GRC","TOUR_REC_EXP","INT-EXP","USD","A","2015",3537.9,
"GRC","TOUR_REC_EXP","INT-EXP","USD","A","2016",3410.9,
"GRC","TOUR_REC_EXP","INT-EXP","USD","A","2017",3298.4,
"GRC","TOUR_REC_EXP","INT-EXP","USD","A","2018",3913.7,
"GRC","TOUR_REC_EXP","INT-EXP","USD","A","2019",4214.2,
"GRC","TOUR_REC_EXP","INT-EXP","USD","A","2020",1508.7,
"GRC","TOUR_REC_EXP","INT-EXP","USD","A","2021",2236.073,
"HUN","TOUR_REC_EXP","INT_REC","USD","A","2008",6997.995,
"HUN","TOUR_REC_EXP","INT_REC","USD","A","2009",6650.088,
"HUN","TOUR_REC_EXP","INT_REC","USD","A","2010",6746.2,
"HUN","TOUR_REC_EXP","INT_REC","USD","A","2011",7276.3,
"HUN","TOUR_REC_EXP","INT_REC","USD","A","2012",6156.7,
"HUN","TOUR_REC_EXP","INT_REC","USD","A","2013",6675.4,
"HUN","TOUR_REC_EXP","INT_REC","USD","A","2014",7483.4,
"HUN","TOUR_REC_EXP","INT_REC","USD","A","2015",6934.2,
"HUN","TOUR_REC_EXP","INT_REC","USD","A","2016",7468.6,
"HUN","TOUR_REC_EXP","INT_REC","USD","A","2017",8377.3,
"HUN","TOUR_REC_EXP","INT_REC","USD","A","2018",9654.9,
"HUN","TOUR_REC_EXP","INT_REC","USD","A","2019",10249.1,
"HUN","TOUR_REC_EXP","INT_REC","USD","A","2020",4191.6,
"HUN","TOUR_REC_EXP","INT_REC","USD","A","2021",5734.588,
"HUN","TOUR_REC_EXP","INT-EXP","USD","A","2008",3747.271,
"HUN","TOUR_REC_EXP","INT-EXP","USD","A","2009",3209.621,
"HUN","TOUR_REC_EXP","INT-EXP","USD","A","2010",2914.1,
"HUN","TOUR_REC_EXP","INT-EXP","USD","A","2011",3027.1,
"HUN","TOUR_REC_EXP","INT-EXP","USD","A","2012",2459.1,
"HUN","TOUR_REC_EXP","INT-EXP","USD","A","2013",2528.1,
"HUN","TOUR_REC_EXP","INT-EXP","USD","A","2014",2707.6,
"HUN","TOUR_REC_EXP","INT-EXP","USD","A","2015",2457.1,
"HUN","TOUR_REC_EXP","INT-EXP","USD","A","2016",2734,
"HUN","TOUR_REC_EXP","INT-EXP","USD","A","2017",3028.8,
"HUN","TOUR_REC_EXP","INT-EXP","USD","A","2018",3248.9,
"HUN","TOUR_REC_EXP","INT-EXP","USD","A","2019",3359.9,
"HUN","TOUR_REC_EXP","INT-EXP","USD","A","2020",1331.2,
"HUN","TOUR_REC_EXP","INT-EXP","USD","A","2021",1713.52,
"ISL","TOUR_REC_EXP","INT_REC","USD","A","2008",836.54,
"ISL","TOUR_REC_EXP","INT_REC","USD","A","2009",1257.888,
"ISL","TOUR_REC_EXP","INT_REC","USD","A","2010",1331.972,
"ISL","TOUR_REC_EXP","INT_REC","USD","A","2011",1694.596,
"ISL","TOUR_REC_EXP","INT_REC","USD","A","2012",1914.146,
"ISL","TOUR_REC_EXP","INT_REC","USD","A","2013",2264.2,
"ISL","TOUR_REC_EXP","INT_REC","USD","A","2014",2608.9,
"ISL","TOUR_REC_EXP","INT_REC","USD","A","2015",2801.4,
"ISL","TOUR_REC_EXP","INT_REC","USD","A","2016",3828.6,
"ISL","TOUR_REC_EXP","INT_REC","USD","A","2017",4693.5,
"ISL","TOUR_REC_EXP","INT_REC","USD","A","2018",4795.7,
"ISL","TOUR_REC_EXP","INT_REC","USD","A","2019",3816,
"ISL","TOUR_REC_EXP","INT_REC","USD","A","2020",658.7,
"ISL","TOUR_REC_EXP","INT-EXP","USD","A","2008",1047.529,
"ISL","TOUR_REC_EXP","INT-EXP","USD","A","2009",583.834,
"ISL","TOUR_REC_EXP","INT-EXP","USD","A","2010",645.226,
"ISL","TOUR_REC_EXP","INT-EXP","USD","A","2011",799.95,
"ISL","TOUR_REC_EXP","INT-EXP","USD","A","2012",843.077,
"ISL","TOUR_REC_EXP","INT-EXP","USD","A","2013",906.5,
"ISL","TOUR_REC_EXP","INT-EXP","USD","A","2014",1034,
"ISL","TOUR_REC_EXP","INT-EXP","USD","A","2015",1055.8,
"ISL","TOUR_REC_EXP","INT-EXP","USD","A","2016",1321,
"ISL","TOUR_REC_EXP","INT-EXP","USD","A","2017",1724.3,
"ISL","TOUR_REC_EXP","INT-EXP","USD","A","2018",1911,
"ISL","TOUR_REC_EXP","INT-EXP","USD","A","2019",1721.9,
"ISL","TOUR_REC_EXP","INT-EXP","USD","A","2020",524,
"IRL","TOUR_REC_EXP","INT_REC","USD","A","2008",6279.708,
"IRL","TOUR_REC_EXP","INT_REC","USD","A","2009",8410.167,
"IRL","TOUR_REC_EXP","INT_REC","USD","A","2010",8244.542,
"IRL","TOUR_REC_EXP","INT_REC","USD","A","2011",9466.814,
"IRL","TOUR_REC_EXP","INT_REC","USD","A","2012",9304.4,
"IRL","TOUR_REC_EXP","INT_REC","USD","A","2013",10180.1,
"IRL","TOUR_REC_EXP","INT_REC","USD","A","2014",11094.3,
"IRL","TOUR_REC_EXP","INT_REC","USD","A","2015",11489,
"IRL","TOUR_REC_EXP","INT_REC","USD","A","2016",12614.2,
"IRL","TOUR_REC_EXP","INT_REC","USD","A","2017",14167.3,
"IRL","TOUR_REC_EXP","INT_REC","USD","A","2018",15370.2,
"IRL","TOUR_REC_EXP","INT_REC","USD","A","2019",14885.7,
"IRL","TOUR_REC_EXP","INT_REC","USD","A","2020",4196.4,
"IRL","TOUR_REC_EXP","INT-EXP","USD","A","2008",10321.163,
"IRL","TOUR_REC_EXP","INT-EXP","USD","A","2009",7896.167,
"IRL","TOUR_REC_EXP","INT-EXP","USD","A","2010",7203.544,
"IRL","TOUR_REC_EXP","INT-EXP","USD","A","2011",6810.268,
"IRL","TOUR_REC_EXP","INT-EXP","USD","A","2012",6025.7,
"IRL","TOUR_REC_EXP","INT-EXP","USD","A","2013",6312.6,
"IRL","TOUR_REC_EXP","INT-EXP","USD","A","2014",6525.6,
"IRL","TOUR_REC_EXP","INT-EXP","USD","A","2015",5799.4,
"IRL","TOUR_REC_EXP","INT-EXP","USD","A","2016",6317.1,
"IRL","TOUR_REC_EXP","INT-EXP","USD","A","2017",6661.8,
"IRL","TOUR_REC_EXP","INT-EXP","USD","A","2018",7743.5,
"IRL","TOUR_REC_EXP","INT-EXP","USD","A","2019",8350.1,
"IRL","TOUR_REC_EXP","INT-EXP","USD","A","2020",2453.5,
"ITA","TOUR_REC_EXP","INT_REC","USD","A","2008",48073.314,
"ITA","TOUR_REC_EXP","INT_REC","USD","A","2009",41638.913,
"ITA","TOUR_REC_EXP","INT_REC","USD","A","2010",40414.6,
"ITA","TOUR_REC_EXP","INT_REC","USD","A","2011",45114.2,
"ITA","TOUR_REC_EXP","INT_REC","USD","A","2012",43268.4,
"ITA","TOUR_REC_EXP","INT_REC","USD","A","2013",46271,
"ITA","TOUR_REC_EXP","INT_REC","USD","A","2014",47777.5,
"ITA","TOUR_REC_EXP","INT_REC","USD","A","2015",41537.1,
"ITA","TOUR_REC_EXP","INT_REC","USD","A","2016",42338.4,
"ITA","TOUR_REC_EXP","INT_REC","USD","A","2017",46360.2,
"ITA","TOUR_REC_EXP","INT_REC","USD","A","2018",51796.4,
"ITA","TOUR_REC_EXP","INT_REC","USD","A","2019",51988.2,
"ITA","TOUR_REC_EXP","INT_REC","USD","A","2020",20226.2,
"ITA","TOUR_REC_EXP","INT-EXP","USD","A","2008",37480.895,
"ITA","TOUR_REC_EXP","INT-EXP","USD","A","2009",34231.798,
"ITA","TOUR_REC_EXP","INT-EXP","USD","A","2010",33237.9,
"ITA","TOUR_REC_EXP","INT-EXP","USD","A","2011",35634.7,
"ITA","TOUR_REC_EXP","INT-EXP","USD","A","2012",32923.8,
"ITA","TOUR_REC_EXP","INT-EXP","USD","A","2013",33536.1,
"ITA","TOUR_REC_EXP","INT-EXP","USD","A","2014",35578,
"ITA","TOUR_REC_EXP","INT-EXP","USD","A","2015",30340.9,
"ITA","TOUR_REC_EXP","INT-EXP","USD","A","2016",30564.7,
"ITA","TOUR_REC_EXP","INT-EXP","USD","A","2017",34623.4,
"ITA","TOUR_REC_EXP","INT-EXP","USD","A","2018",37757,
"ITA","TOUR_REC_EXP","INT-EXP","USD","A","2019",37945.6,
"ITA","TOUR_REC_EXP","INT-EXP","USD","A","2020",13083.3,
"JPN","TOUR_REC_EXP","INT_REC","USD","A","2008",13790.6,
"JPN","TOUR_REC_EXP","INT_REC","USD","A","2009",12506.2,
"JPN","TOUR_REC_EXP","INT_REC","USD","A","2010",15334.8,
"JPN","TOUR_REC_EXP","INT_REC","USD","A","2011",12500.1,
"JPN","TOUR_REC_EXP","INT_REC","USD","A","2012",16192.2,
"JPN","TOUR_REC_EXP","INT_REC","USD","A","2013",16904.6,
"JPN","TOUR_REC_EXP","INT_REC","USD","A","2014",20828.9,
"JPN","TOUR_REC_EXP","INT_REC","USD","A","2015",27300.6,
"JPN","TOUR_REC_EXP","INT_REC","USD","A","2016",33382.8,
"JPN","TOUR_REC_EXP","INT_REC","USD","A","2017",36967.1,
"JPN","TOUR_REC_EXP","INT_REC","USD","A","2018",45276.1,
"JPN","TOUR_REC_EXP","INT_REC","USD","A","2019",49209.8,
"JPN","TOUR_REC_EXP","INT_REC","USD","A","2020",11507.3,
"JPN","TOUR_REC_EXP","INT-EXP","USD","A","2008",38964.9,
"JPN","TOUR_REC_EXP","INT-EXP","USD","A","2009",34719.8,
"JPN","TOUR_REC_EXP","INT-EXP","USD","A","2010",39181.2,
"JPN","TOUR_REC_EXP","INT-EXP","USD","A","2011",39686.4,
"JPN","TOUR_REC_EXP","INT-EXP","USD","A","2012",40933.6,
"JPN","TOUR_REC_EXP","INT-EXP","USD","A","2013",32227.1,
"JPN","TOUR_REC_EXP","INT-EXP","USD","A","2014",28536.9,
"JPN","TOUR_REC_EXP","INT-EXP","USD","A","2015",23254,
"JPN","TOUR_REC_EXP","INT-EXP","USD","A","2016",25853.1,
"JPN","TOUR_REC_EXP","INT-EXP","USD","A","2017",25772.6,
"JPN","TOUR_REC_EXP","INT-EXP","USD","A","2018",28115.5,
"JPN","TOUR_REC_EXP","INT-EXP","USD","A","2019",29130.3,
"JPN","TOUR_REC_EXP","INT-EXP","USD","A","2020",6814.7,
"KOR","TOUR_REC_EXP","INT_REC","USD","A","2008",13439.8,
"KOR","TOUR_REC_EXP","INT_REC","USD","A","2009",13262.1,
"KOR","TOUR_REC_EXP","INT_REC","USD","A","2010",14314.7,
"KOR","TOUR_REC_EXP","INT_REC","USD","A","2011",17329.3,
"KOR","TOUR_REC_EXP","INT_REC","USD","A","2012",18730.8,
"KOR","TOUR_REC_EXP","INT_REC","USD","A","2013",19457.7,
"KOR","TOUR_REC_EXP","INT_REC","USD","A","2014",22390.1,
"KOR","TOUR_REC_EXP","INT_REC","USD","A","2015",18711.5,
"KOR","TOUR_REC_EXP","INT_REC","USD","A","2016",20923.3,
"KOR","TOUR_REC_EXP","INT_REC","USD","A","2017",17173.1,
"KOR","TOUR_REC_EXP","INT_REC","USD","A","2018",23104.1,
"KOR","TOUR_REC_EXP","INT_REC","USD","A","2019",25456.7,
"KOR","TOUR_REC_EXP","INT_REC","USD","A","2020",11775.3,
"KOR","TOUR_REC_EXP","INT-EXP","USD","A","2008",21447,
"KOR","TOUR_REC_EXP","INT-EXP","USD","A","2009",16354.4,
"KOR","TOUR_REC_EXP","INT-EXP","USD","A","2010",20787.2,
"KOR","TOUR_REC_EXP","INT-EXP","USD","A","2011",22195.3,
"KOR","TOUR_REC_EXP","INT-EXP","USD","A","2012",22934.2,
"KOR","TOUR_REC_EXP","INT-EXP","USD","A","2013",24458.4,
"KOR","TOUR_REC_EXP","INT-EXP","USD","A","2014",26135.6,
"KOR","TOUR_REC_EXP","INT-EXP","USD","A","2015",27957.3,
"KOR","TOUR_REC_EXP","INT-EXP","USD","A","2016",29817.3,
"KOR","TOUR_REC_EXP","INT-EXP","USD","A","2017",34453.1,
"KOR","TOUR_REC_EXP","INT-EXP","USD","A","2018",38021.7,
"KOR","TOUR_REC_EXP","INT-EXP","USD","A","2019",35339.5,
"KOR","TOUR_REC_EXP","INT-EXP","USD","A","2020",16705.1,
"LUX","TOUR_REC_EXP","INT_REC","USD","A","2008",4886.366,
"LUX","TOUR_REC_EXP","INT_REC","USD","A","2009",4484.172,
"LUX","TOUR_REC_EXP","INT_REC","USD","A","2010",6057.2,
"LUX","TOUR_REC_EXP","INT_REC","USD","A","2011",7395.4,
"LUX","TOUR_REC_EXP","INT_REC","USD","A","2012",7316.8,
"LUX","TOUR_REC_EXP","INT_REC","USD","A","2013",7745.6,
"LUX","TOUR_REC_EXP","INT_REC","USD","A","2014",7963,
"LUX","TOUR_REC_EXP","INT_REC","USD","A","2015",6183.3,
"LUX","TOUR_REC_EXP","INT_REC","USD","A","2016",6195.4,
"LUX","TOUR_REC_EXP","INT_REC","USD","A","2017",6170.3,
"LUX","TOUR_REC_EXP","INT_REC","USD","A","2018",6651.1,
"LUX","TOUR_REC_EXP","INT_REC","USD","A","2019",6309.3,
"LUX","TOUR_REC_EXP","INT_REC","USD","A","2020",5099.9,
"LUX","TOUR_REC_EXP","INT-EXP","USD","A","2008",3841.213,
"LUX","TOUR_REC_EXP","INT-EXP","USD","A","2009",3690.804,
"LUX","TOUR_REC_EXP","INT-EXP","USD","A","2010",2536.2,
"LUX","TOUR_REC_EXP","INT-EXP","USD","A","2011",2726.8,
"LUX","TOUR_REC_EXP","INT-EXP","USD","A","2012",2438.6,
"LUX","TOUR_REC_EXP","INT-EXP","USD","A","2013",2595.1,
"LUX","TOUR_REC_EXP","INT-EXP","USD","A","2014",2873.6,
"LUX","TOUR_REC_EXP","INT-EXP","USD","A","2015",2335.6,
"LUX","TOUR_REC_EXP","INT-EXP","USD","A","2016",2266.9,
"LUX","TOUR_REC_EXP","INT-EXP","USD","A","2017",2945.1,
"LUX","TOUR_REC_EXP","INT-EXP","USD","A","2018",3391.7,
"LUX","TOUR_REC_EXP","INT-EXP","USD","A","2019",3679.7,
"LUX","TOUR_REC_EXP","INT-EXP","USD","A","2020",2807.5,
"MEX","TOUR_REC_EXP","INT_REC","USD","A","2008",14725.8,
"MEX","TOUR_REC_EXP","INT_REC","USD","A","2009",12542,
"MEX","TOUR_REC_EXP","INT_REC","USD","A","2010",12627.8,
"MEX","TOUR_REC_EXP","INT_REC","USD","A","2011",12457.4,
"MEX","TOUR_REC_EXP","INT_REC","USD","A","2012",13319.9,
"MEX","TOUR_REC_EXP","INT_REC","USD","A","2013",14311,
"MEX","TOUR_REC_EXP","INT_REC","USD","A","2014",16606.9,
"MEX","TOUR_REC_EXP","INT_REC","USD","A","2015",18728.2,
"MEX","TOUR_REC_EXP","INT_REC","USD","A","2016",20619.2,
"MEX","TOUR_REC_EXP","INT_REC","USD","A","2017",22467,
"MEX","TOUR_REC_EXP","INT_REC","USD","A","2018",23802.7,
"MEX","TOUR_REC_EXP","INT_REC","USD","A","2019",25847.6,
"MEX","TOUR_REC_EXP","INT_REC","USD","A","2020",11448.3,
"MEX","TOUR_REC_EXP","INT-EXP","USD","A","2008",10245.5,
"MEX","TOUR_REC_EXP","INT-EXP","USD","A","2009",8737.6,
"MEX","TOUR_REC_EXP","INT-EXP","USD","A","2010",9000.6,
"MEX","TOUR_REC_EXP","INT-EXP","USD","A","2011",9704.2,
"MEX","TOUR_REC_EXP","INT-EXP","USD","A","2012",10734.4,
"MEX","TOUR_REC_EXP","INT-EXP","USD","A","2013",11970.2,
"MEX","TOUR_REC_EXP","INT-EXP","USD","A","2014",12555.8,
"MEX","TOUR_REC_EXP","INT-EXP","USD","A","2015",12668,
"MEX","TOUR_REC_EXP","INT-EXP","USD","A","2016",12823.2,
"MEX","TOUR_REC_EXP","INT-EXP","USD","A","2017",13647.4,
"MEX","TOUR_REC_EXP","INT-EXP","USD","A","2018",14073.9,
"MEX","TOUR_REC_EXP","INT-EXP","USD","A","2019",12299.8,
"MEX","TOUR_REC_EXP","INT-EXP","USD","A","2020",4285.7,
"NLD","TOUR_REC_EXP","INT_REC","USD","A","2008",20226.717,
"NLD","TOUR_REC_EXP","INT_REC","USD","A","2009",17762.03,
"NLD","TOUR_REC_EXP","INT_REC","USD","A","2010",18709.279,
"NLD","TOUR_REC_EXP","INT_REC","USD","A","2011",20925.357,
"NLD","TOUR_REC_EXP","INT_REC","USD","A","2012",20219.939,
"NLD","TOUR_REC_EXP","INT_REC","USD","A","2013",19429.3,
"NLD","TOUR_REC_EXP","INT_REC","USD","A","2014",22220.3,
"NLD","TOUR_REC_EXP","INT_REC","USD","A","2015",20313.5,
"NLD","TOUR_REC_EXP","INT_REC","USD","A","2016",21152.1,
"NLD","TOUR_REC_EXP","INT_REC","USD","A","2017",23882.6,
"NLD","TOUR_REC_EXP","INT_REC","USD","A","2018",26605.8,
"NLD","TOUR_REC_EXP","INT_REC","USD","A","2019",26825.1,
"NLD","TOUR_REC_EXP","INT_REC","USD","A","2020",12459.8,
"NLD","TOUR_REC_EXP","INT_REC","USD","A","2021",12482.644,
"NLD","TOUR_REC_EXP","INT-EXP","USD","A","2008",21878.613,
"NLD","TOUR_REC_EXP","INT-EXP","USD","A","2009",20919.585,
"NLD","TOUR_REC_EXP","INT-EXP","USD","A","2010",19891.584,
"NLD","TOUR_REC_EXP","INT-EXP","USD","A","2011",20780.783,
"NLD","TOUR_REC_EXP","INT-EXP","USD","A","2012",20468.786,
"NLD","TOUR_REC_EXP","INT-EXP","USD","A","2013",21008.6,
"NLD","TOUR_REC_EXP","INT-EXP","USD","A","2014",25836.3,
"NLD","TOUR_REC_EXP","INT-EXP","USD","A","2015",22191.9,
"NLD","TOUR_REC_EXP","INT-EXP","USD","A","2016",22539.3,
"NLD","TOUR_REC_EXP","INT-EXP","USD","A","2017",25213,
"NLD","TOUR_REC_EXP","INT-EXP","USD","A","2018",26203.2,
"NLD","TOUR_REC_EXP","INT-EXP","USD","A","2019",26367.2,
"NLD","TOUR_REC_EXP","INT-EXP","USD","A","2020",9231.9,
"NLD","TOUR_REC_EXP","INT-EXP","USD","A","2021",11971.7,
"NZL","TOUR_REC_EXP","INT_REC","USD","A","2008",7933.4,
"NZL","TOUR_REC_EXP","INT_REC","USD","A","2009",7054.3,
"NZL","TOUR_REC_EXP","INT_REC","USD","A","2010",7571.5,
"NZL","TOUR_REC_EXP","INT_REC","USD","A","2011",8547.8,
"NZL","TOUR_REC_EXP","INT_REC","USD","A","2012",8338.4,
"NZL","TOUR_REC_EXP","INT_REC","USD","A","2013",8697.7,
"NZL","TOUR_REC_EXP","INT_REC","USD","A","2014",9904.3,
"NZL","TOUR_REC_EXP","INT_REC","USD","A","2015",10533,
"NZL","TOUR_REC_EXP","INT_REC","USD","A","2016",10969.1,
"NZL","TOUR_REC_EXP","INT_REC","USD","A","2017",11873.4,
"NZL","TOUR_REC_EXP","INT_REC","USD","A","2018",12211.6,
"NZL","TOUR_REC_EXP","INT_REC","USD","A","2019",11777.2,
"NZL","TOUR_REC_EXP","INT_REC","USD","A","2020",6372.2,
"NZL","TOUR_REC_EXP","INT-EXP","USD","A","2008",3976.2,
"NZL","TOUR_REC_EXP","INT-EXP","USD","A","2009",3370.6,
"NZL","TOUR_REC_EXP","INT-EXP","USD","A","2010",3878,
"NZL","TOUR_REC_EXP","INT-EXP","USD","A","2011",4391.7,
"NZL","TOUR_REC_EXP","INT-EXP","USD","A","2012",4714.5,
"NZL","TOUR_REC_EXP","INT-EXP","USD","A","2013",4865.5,
"NZL","TOUR_REC_EXP","INT-EXP","USD","A","2014",5127.6,
"NZL","TOUR_REC_EXP","INT-EXP","USD","A","2015",4539.4,
"NZL","TOUR_REC_EXP","INT-EXP","USD","A","2016",4945.4,
"NZL","TOUR_REC_EXP","INT-EXP","USD","A","2017",5566.4,
"NZL","TOUR_REC_EXP","INT-EXP","USD","A","2018",5827.9,
"NZL","TOUR_REC_EXP","INT-EXP","USD","A","2019",5586,
"NZL","TOUR_REC_EXP","INT-EXP","USD","A","2020",1525.3,
"NOR","TOUR_REC_EXP","INT_REC","USD","A","2008",4770.9,
"NOR","TOUR_REC_EXP","INT_REC","USD","A","2009",4154.4,
"NOR","TOUR_REC_EXP","INT_REC","USD","A","2010",4706.9,
"NOR","TOUR_REC_EXP","INT_REC","USD","A","2011",5307.6,
"NOR","TOUR_REC_EXP","INT_REC","USD","A","2012",5442,
"NOR","TOUR_REC_EXP","INT_REC","USD","A","2013",5642,
"NOR","TOUR_REC_EXP","INT_REC","USD","A","2014",5574.9,
"NOR","TOUR_REC_EXP","INT_REC","USD","A","2015",4873,
"NOR","TOUR_REC_EXP","INT_REC","USD","A","2016",5204.2,
"NOR","TOUR_REC_EXP","INT_REC","USD","A","2017",5558,
"NOR","TOUR_REC_EXP","INT_REC","USD","A","2018",5928.6,
"NOR","TOUR_REC_EXP","INT_REC","USD","A","2019",5854.6,
"NOR","TOUR_REC_EXP","INT_REC","USD","A","2020",1564.3,
"NOR","TOUR_REC_EXP","INT-EXP","USD","A","2008",13794.1,
"NOR","TOUR_REC_EXP","INT-EXP","USD","A","2009",11890,
"NOR","TOUR_REC_EXP","INT-EXP","USD","A","2010",13501.1,
"NOR","TOUR_REC_EXP","INT-EXP","USD","A","2011",15720.1,
"NOR","TOUR_REC_EXP","INT-EXP","USD","A","2012",16633.3,
"NOR","TOUR_REC_EXP","INT-EXP","USD","A","2013",18492.3,
"NOR","TOUR_REC_EXP","INT-EXP","USD","A","2014",18434.5,
"NOR","TOUR_REC_EXP","INT-EXP","USD","A","2015",15291.7,
"NOR","TOUR_REC_EXP","INT-EXP","USD","A","2016",15037.3,
"NOR","TOUR_REC_EXP","INT-EXP","USD","A","2017",16211.8,
"NOR","TOUR_REC_EXP","INT-EXP","USD","A","2018",17072.5,
"NOR","TOUR_REC_EXP","INT-EXP","USD","A","2019",16513,
"NOR","TOUR_REC_EXP","INT-EXP","USD","A","2020",3699.6,
"POL","TOUR_REC_EXP","INT_REC","USD","A","2008",12711.476,
"POL","TOUR_REC_EXP","INT_REC","USD","A","2009",9735.141,
"POL","TOUR_REC_EXP","INT_REC","USD","A","2010",9929.7,
"POL","TOUR_REC_EXP","INT_REC","USD","A","2011",11406.9,
"POL","TOUR_REC_EXP","INT_REC","USD","A","2012",11728.1,
"POL","TOUR_REC_EXP","INT_REC","USD","A","2013",12261.5,
"POL","TOUR_REC_EXP","INT_REC","USD","A","2014",12666.6,
"POL","TOUR_REC_EXP","INT_REC","USD","A","2015",11154.1,
"POL","TOUR_REC_EXP","INT_REC","USD","A","2016",11902.6,
"POL","TOUR_REC_EXP","INT_REC","USD","A","2017",14001.7,
"POL","TOUR_REC_EXP","INT_REC","USD","A","2018",15719.7,
"POL","TOUR_REC_EXP","INT_REC","USD","A","2019",16021.9,
"POL","TOUR_REC_EXP","INT_REC","USD","A","2020",8803.9,
"POL","TOUR_REC_EXP","INT-EXP","USD","A","2008",10398.299,
"POL","TOUR_REC_EXP","INT-EXP","USD","A","2009",7781.381,
"POL","TOUR_REC_EXP","INT-EXP","USD","A","2010",8943.6,
"POL","TOUR_REC_EXP","INT-EXP","USD","A","2011",8641.1,
"POL","TOUR_REC_EXP","INT-EXP","USD","A","2012",8935.5,
"POL","TOUR_REC_EXP","INT-EXP","USD","A","2013",8938.5,
"POL","TOUR_REC_EXP","INT-EXP","USD","A","2014",9171.3,
"POL","TOUR_REC_EXP","INT-EXP","USD","A","2015",8281.1,
"POL","TOUR_REC_EXP","INT-EXP","USD","A","2016",8489.1,
"POL","TOUR_REC_EXP","INT-EXP","USD","A","2017",9463.6,
"POL","TOUR_REC_EXP","INT-EXP","USD","A","2018",10512.9,
"POL","TOUR_REC_EXP","INT-EXP","USD","A","2019",10230.5,
"POL","TOUR_REC_EXP","INT-EXP","USD","A","2020",5611.7,
"PRT","TOUR_REC_EXP","INT_REC","USD","A","2008",13949.258,
"PRT","TOUR_REC_EXP","INT_REC","USD","A","2009",12210.135,
"PRT","TOUR_REC_EXP","INT_REC","USD","A","2010",13063.6,
"PRT","TOUR_REC_EXP","INT_REC","USD","A","2011",14862,
"PRT","TOUR_REC_EXP","INT_REC","USD","A","2012",14638.9,
"PRT","TOUR_REC_EXP","INT_REC","USD","A","2013",16092.8,
"PRT","TOUR_REC_EXP","INT_REC","USD","A","2014",17584,
"PRT","TOUR_REC_EXP","INT_REC","USD","A","2015",16006.9,
"PRT","TOUR_REC_EXP","INT_REC","USD","A","2016",17314.1,
"PRT","TOUR_REC_EXP","INT_REC","USD","A","2017",21397.2,
"PRT","TOUR_REC_EXP","INT_REC","USD","A","2018",24444.5,
"PRT","TOUR_REC_EXP","INT_REC","USD","A","2019",24625.1,
"PRT","TOUR_REC_EXP","INT_REC","USD","A","2020",10519.6,
"PRT","TOUR_REC_EXP","INT_REC","USD","A","2021",13779.885,
"PRT","TOUR_REC_EXP","INT-EXP","USD","A","2008",5257.699,
"PRT","TOUR_REC_EXP","INT-EXP","USD","A","2009",4592.973,
"PRT","TOUR_REC_EXP","INT-EXP","USD","A","2010",4704.9,
"PRT","TOUR_REC_EXP","INT-EXP","USD","A","2011",4941.4,
"PRT","TOUR_REC_EXP","INT-EXP","USD","A","2012",4483.9,
"PRT","TOUR_REC_EXP","INT-EXP","USD","A","2013",4883.4,
"PRT","TOUR_REC_EXP","INT-EXP","USD","A","2014",5219.7,
"PRT","TOUR_REC_EXP","INT-EXP","USD","A","2015",4577.8,
"PRT","TOUR_REC_EXP","INT-EXP","USD","A","2016",4701,
"PRT","TOUR_REC_EXP","INT-EXP","USD","A","2017",5481.2,
"PRT","TOUR_REC_EXP","INT-EXP","USD","A","2018",6445.6,
"PRT","TOUR_REC_EXP","INT-EXP","USD","A","2019",6830,
"PRT","TOUR_REC_EXP","INT-EXP","USD","A","2020",3533.9,
"PRT","TOUR_REC_EXP","INT-EXP","USD","A","2021",4723.984,
"SVK","TOUR_REC_EXP","INT_REC","USD","A","2008",2989.323,
"SVK","TOUR_REC_EXP","INT_REC","USD","A","2009",2528.278,
"SVK","TOUR_REC_EXP","INT_REC","USD","A","2010",2339.324,
"SVK","TOUR_REC_EXP","INT_REC","USD","A","2011",2509.528,
"SVK","TOUR_REC_EXP","INT_REC","USD","A","2012",2371.728,
"SVK","TOUR_REC_EXP","INT_REC","USD","A","2013",2607.5,
"SVK","TOUR_REC_EXP","INT_REC","USD","A","2014",2556.6,
"SVK","TOUR_REC_EXP","INT_REC","USD","A","2015",2484,
"SVK","TOUR_REC_EXP","INT_REC","USD","A","2016",2809.4,
"SVK","TOUR_REC_EXP","INT_REC","USD","A","2017",3010.2,
"SVK","TOUR_REC_EXP","INT_REC","USD","A","2018",3326.8,
"SVK","TOUR_REC_EXP","INT_REC","USD","A","2019",3353.5,
"SVK","TOUR_REC_EXP","INT_REC","USD","A","2020",1327.5,
"SVK","TOUR_REC_EXP","INT_REC","USD","A","2021",1183.332,
"SVK","TOUR_REC_EXP","INT-EXP","USD","A","2008",2570.046,
"SVK","TOUR_REC_EXP","INT-EXP","USD","A","2009",2334.084,
"SVK","TOUR_REC_EXP","INT-EXP","USD","A","2010",2220.59,
"SVK","TOUR_REC_EXP","INT-EXP","USD","A","2011",2525.974,
"SVK","TOUR_REC_EXP","INT-EXP","USD","A","2012",2335.37,
"SVK","TOUR_REC_EXP","INT-EXP","USD","A","2013",2524.8,
"SVK","TOUR_REC_EXP","INT-EXP","USD","A","2014",2584,
"SVK","TOUR_REC_EXP","INT-EXP","USD","A","2015",2267.2,
"SVK","TOUR_REC_EXP","INT-EXP","USD","A","2016",2419.3,
"SVK","TOUR_REC_EXP","INT-EXP","USD","A","2017",2593.8,
"SVK","TOUR_REC_EXP","INT-EXP","USD","A","2018",2837.8,
"SVK","TOUR_REC_EXP","INT-EXP","USD","A","2019",2799.8,
"SVK","TOUR_REC_EXP","INT-EXP","USD","A","2020",1338,
"SVK","TOUR_REC_EXP","INT-EXP","USD","A","2021",1552.82,
"ESP","TOUR_REC_EXP","INT_REC","USD","A","2008",69759.402,
"ESP","TOUR_REC_EXP","INT_REC","USD","A","2009",59315.712,
"ESP","TOUR_REC_EXP","INT_REC","USD","A","2010",65652.135,
"ESP","TOUR_REC_EXP","INT_REC","USD","A","2011",74981.678,
"ESP","TOUR_REC_EXP","INT_REC","USD","A","2012",70835.964,
"ESP","TOUR_REC_EXP","INT_REC","USD","A","2013",68517.6,
"ESP","TOUR_REC_EXP","INT_REC","USD","A","2014",71583.6,
"ESP","TOUR_REC_EXP","INT_REC","USD","A","2015",62475.6,
"ESP","TOUR_REC_EXP","INT_REC","USD","A","2016",66802.7,
"ESP","TOUR_REC_EXP","INT_REC","USD","A","2017",75329.4,
"ESP","TOUR_REC_EXP","INT_REC","USD","A","2018",81684.2,
"ESP","TOUR_REC_EXP","INT_REC","USD","A","2019",79708.8,
"ESP","TOUR_REC_EXP","INT_REC","USD","A","2020",18505.9,
"ESP","TOUR_REC_EXP","INT-EXP","USD","A","2008",27034.826,
"ESP","TOUR_REC_EXP","INT-EXP","USD","A","2009",22617.432,
"ESP","TOUR_REC_EXP","INT-EXP","USD","A","2010",22878.699,
"ESP","TOUR_REC_EXP","INT-EXP","USD","A","2011",23757.895,
"ESP","TOUR_REC_EXP","INT-EXP","USD","A","2012",21827.656,
"ESP","TOUR_REC_EXP","INT-EXP","USD","A","2013",16415.5,
"ESP","TOUR_REC_EXP","INT-EXP","USD","A","2014",18030.4,
"ESP","TOUR_REC_EXP","INT-EXP","USD","A","2015",17446,
"ESP","TOUR_REC_EXP","INT-EXP","USD","A","2016",18815.1,
"ESP","TOUR_REC_EXP","INT-EXP","USD","A","2017",22154.2,
"ESP","TOUR_REC_EXP","INT-EXP","USD","A","2018",26447.5,
"ESP","TOUR_REC_EXP","INT-EXP","USD","A","2019",27777.5,
"ESP","TOUR_REC_EXP","INT-EXP","USD","A","2020",8649.9,
"SWE","TOUR_REC_EXP","INT_REC","USD","A","2008",11871.464,
"SWE","TOUR_REC_EXP","INT_REC","USD","A","2009",10007.29,
"SWE","TOUR_REC_EXP","INT_REC","USD","A","2010",10820.5,
"SWE","TOUR_REC_EXP","INT_REC","USD","A","2011",12688.5,
"SWE","TOUR_REC_EXP","INT_REC","USD","A","2012",12430.7,
"SWE","TOUR_REC_EXP","INT_REC","USD","A","2013",13514.7,
"SWE","TOUR_REC_EXP","INT_REC","USD","A","2014",14124.3,
"SWE","TOUR_REC_EXP","INT_REC","USD","A","2015",13245.5,
"SWE","TOUR_REC_EXP","INT_REC","USD","A","2016",14851.6,
"SWE","TOUR_REC_EXP","INT_REC","USD","A","2017",16285.9,
"SWE","TOUR_REC_EXP","INT_REC","USD","A","2018",11800.9,
"SWE","TOUR_REC_EXP","INT_REC","USD","A","2019",11018.9,
"SWE","TOUR_REC_EXP","INT_REC","USD","A","2020",4882.2,
"SWE","TOUR_REC_EXP","INT-EXP","USD","A","2008",15238.124,
"SWE","TOUR_REC_EXP","INT-EXP","USD","A","2009",12698.887,
"SWE","TOUR_REC_EXP","INT-EXP","USD","A","2010",14350.2,
"SWE","TOUR_REC_EXP","INT-EXP","USD","A","2011",16411.3,
"SWE","TOUR_REC_EXP","INT-EXP","USD","A","2012",16569.9,
"SWE","TOUR_REC_EXP","INT-EXP","USD","A","2013",18299.2,
"SWE","TOUR_REC_EXP","INT-EXP","USD","A","2014",18363.2,
"SWE","TOUR_REC_EXP","INT-EXP","USD","A","2015",16490.7,
"SWE","TOUR_REC_EXP","INT-EXP","USD","A","2016",17221.9,
"SWE","TOUR_REC_EXP","INT-EXP","USD","A","2017",19407.3,
"SWE","TOUR_REC_EXP","INT-EXP","USD","A","2018",18363,
"SWE","TOUR_REC_EXP","INT-EXP","USD","A","2019",17127.8,
"SWE","TOUR_REC_EXP","INT-EXP","USD","A","2020",6794.5,
"CHE","TOUR_REC_EXP","INT_REC","USD","A","2008",14401.001,
"CHE","TOUR_REC_EXP","INT_REC","USD","A","2009",14131.059,
"CHE","TOUR_REC_EXP","INT_REC","USD","A","2010",14723.735,
"CHE","TOUR_REC_EXP","INT_REC","USD","A","2011",17099.968,
"CHE","TOUR_REC_EXP","INT_REC","USD","A","2012",15979.264,
"CHE","TOUR_REC_EXP","INT_REC","USD","A","2013",16688,
"CHE","TOUR_REC_EXP","INT_REC","USD","A","2014",21313.5,
"CHE","TOUR_REC_EXP","INT_REC","USD","A","2015",20119.8,
"CHE","TOUR_REC_EXP","INT_REC","USD","A","2016",19763.1,
"CHE","TOUR_REC_EXP","INT_REC","USD","A","2017",20364.6,
"CHE","TOUR_REC_EXP","INT_REC","USD","A","2018",21290.6,
"CHE","TOUR_REC_EXP","INT_REC","USD","A","2019",21251.3,
"CHE","TOUR_REC_EXP","INT_REC","USD","A","2020",10028.1,
"CHE","TOUR_REC_EXP","INT_REC","USD","A","2021",12096.223,
"CHE","TOUR_REC_EXP","INT-EXP","USD","A","2008",10877.84,
"CHE","TOUR_REC_EXP","INT-EXP","USD","A","2009",10887.202,
"CHE","TOUR_REC_EXP","INT-EXP","USD","A","2010",11164.453,
"CHE","TOUR_REC_EXP","INT-EXP","USD","A","2011",13656.482,
"CHE","TOUR_REC_EXP","INT-EXP","USD","A","2012",13801.707,
"CHE","TOUR_REC_EXP","INT-EXP","USD","A","2013",17028.5,
"CHE","TOUR_REC_EXP","INT-EXP","USD","A","2014",20834.7,
"CHE","TOUR_REC_EXP","INT-EXP","USD","A","2015",19665.7,
"CHE","TOUR_REC_EXP","INT-EXP","USD","A","2016",19921.2,
"CHE","TOUR_REC_EXP","INT-EXP","USD","A","2017",21464.7,
"CHE","TOUR_REC_EXP","INT-EXP","USD","A","2018",21459.1,
"CHE","TOUR_REC_EXP","INT-EXP","USD","A","2019",21096.1,
"CHE","TOUR_REC_EXP","INT-EXP","USD","A","2020",10384.2,
"CHE","TOUR_REC_EXP","INT-EXP","USD","A","2021",12669.294,
"TUR","TOUR_REC_EXP","INT_REC","USD","A","2008",26446,
"TUR","TOUR_REC_EXP","INT_REC","USD","A","2009",26331,
"TUR","TOUR_REC_EXP","INT_REC","USD","A","2010",26372,
"TUR","TOUR_REC_EXP","INT_REC","USD","A","2011",30381.7,
"TUR","TOUR_REC_EXP","INT_REC","USD","A","2012",31646.3,
"TUR","TOUR_REC_EXP","INT_REC","USD","A","2013",36266.2,
"TUR","TOUR_REC_EXP","INT_REC","USD","A","2014",38841.7,
"TUR","TOUR_REC_EXP","INT_REC","USD","A","2015",35688.1,
"TUR","TOUR_REC_EXP","INT_REC","USD","A","2016",26791.1,
"TUR","TOUR_REC_EXP","INT_REC","USD","A","2017",29115.9,
"TUR","TOUR_REC_EXP","INT_REC","USD","A","2018",37175.3,
"TUR","TOUR_REC_EXP","INT_REC","USD","A","2019",41284.238,
"TUR","TOUR_REC_EXP","INT_REC","USD","A","2020",13594.825,
"TUR","TOUR_REC_EXP","INT_REC","USD","A","2021",28610.572,
"TUR","TOUR_REC_EXP","INT-EXP","USD","A","2008",4509,
"TUR","TOUR_REC_EXP","INT-EXP","USD","A","2009",5061,
"TUR","TOUR_REC_EXP","INT-EXP","USD","A","2010",5830.5,
"TUR","TOUR_REC_EXP","INT-EXP","USD","A","2011",5386.3,
"TUR","TOUR_REC_EXP","INT-EXP","USD","A","2012",4597.2,
"TUR","TOUR_REC_EXP","INT-EXP","USD","A","2013",5262.9,
"TUR","TOUR_REC_EXP","INT-EXP","USD","A","2014",5472.1,
"TUR","TOUR_REC_EXP","INT-EXP","USD","A","2015",5698.7,
"TUR","TOUR_REC_EXP","INT-EXP","USD","A","2016",5025,
"TUR","TOUR_REC_EXP","INT-EXP","USD","A","2017",4620,
"TUR","TOUR_REC_EXP","INT-EXP","USD","A","2018",5002.9,
"TUR","TOUR_REC_EXP","INT-EXP","USD","A","2019",5259.228,
"TUR","TOUR_REC_EXP","INT-EXP","USD","A","2020",1410.086,
"TUR","TOUR_REC_EXP","INT-EXP","USD","A","2021",2093.236,
"GBR","TOUR_REC_EXP","INT_REC","USD","A","2008",47637,
"GBR","TOUR_REC_EXP","INT_REC","USD","A","2009",38608.7,
"GBR","TOUR_REC_EXP","INT_REC","USD","A","2010",41474.3,
"GBR","TOUR_REC_EXP","INT_REC","USD","A","2011",47075.1,
"GBR","TOUR_REC_EXP","INT_REC","USD","A","2012",51002.3,
"GBR","TOUR_REC_EXP","INT_REC","USD","A","2013",56385.3,
"GBR","TOUR_REC_EXP","INT_REC","USD","A","2014",62938.6,
"GBR","TOUR_REC_EXP","INT_REC","USD","A","2015",66023.9,
"GBR","TOUR_REC_EXP","INT_REC","USD","A","2016",63002.3,
"GBR","TOUR_REC_EXP","INT_REC","USD","A","2017",48018.1,
"GBR","TOUR_REC_EXP","INT_REC","USD","A","2018",50049.9,
"GBR","TOUR_REC_EXP","INT_REC","USD","A","2019",52721,
"GBR","TOUR_REC_EXP","INT-EXP","USD","A","2008",88203.2,
"GBR","TOUR_REC_EXP","INT-EXP","USD","A","2009",66017.3,
"GBR","TOUR_REC_EXP","INT-EXP","USD","A","2010",66228,
"GBR","TOUR_REC_EXP","INT-EXP","USD","A","2011",69401.7,
"GBR","TOUR_REC_EXP","INT-EXP","USD","A","2012",70815.3,
"GBR","TOUR_REC_EXP","INT-EXP","USD","A","2013",81724.5,
"GBR","TOUR_REC_EXP","INT-EXP","USD","A","2014",85691,
"GBR","TOUR_REC_EXP","INT-EXP","USD","A","2015",83944.1,
"GBR","TOUR_REC_EXP","INT-EXP","USD","A","2016",81729,
"GBR","TOUR_REC_EXP","INT-EXP","USD","A","2017",66446,
"GBR","TOUR_REC_EXP","INT-EXP","USD","A","2018",70878.9,
"GBR","TOUR_REC_EXP","INT-EXP","USD","A","2019",71880,
"USA","TOUR_REC_EXP","INT_REC","USD","A","2008",149095,
"USA","TOUR_REC_EXP","INT_REC","USD","A","2009",137114,
"USA","TOUR_REC_EXP","INT_REC","USD","A","2010",161821,
"USA","TOUR_REC_EXP","INT_REC","USD","A","2011",178935,
"USA","TOUR_REC_EXP","INT_REC","USD","A","2012",195114,
"USA","TOUR_REC_EXP","INT_REC","USD","A","2013",213103,
"USA","TOUR_REC_EXP","INT_REC","USD","A","2014",222747,
"USA","TOUR_REC_EXP","INT_REC","USD","A","2015",230574,
"USA","TOUR_REC_EXP","INT_REC","USD","A","2016",228551,
"USA","TOUR_REC_EXP","INT_REC","USD","A","2017",233759,
"USA","TOUR_REC_EXP","INT_REC","USD","A","2018",241985,
"USA","TOUR_REC_EXP","INT_REC","USD","A","2019",239446,
"USA","TOUR_REC_EXP","INT_REC","USD","A","2020",84206,
"USA","TOUR_REC_EXP","INT_REC","USD","A","2021",80956,
"USA","TOUR_REC_EXP","INT-EXP","USD","A","2008",119133,
"USA","TOUR_REC_EXP","INT-EXP","USD","A","2009",115126,
"USA","TOUR_REC_EXP","INT-EXP","USD","A","2010",123833,
"USA","TOUR_REC_EXP","INT-EXP","USD","A","2011",130607,
"USA","TOUR_REC_EXP","INT-EXP","USD","A","2012",138167,
"USA","TOUR_REC_EXP","INT-EXP","USD","A","2013",132324,
"USA","TOUR_REC_EXP","INT-EXP","USD","A","2014",140228,
"USA","TOUR_REC_EXP","INT-EXP","USD","A","2015",144667,
"USA","TOUR_REC_EXP","INT-EXP","USD","A","2016",147639,
"USA","TOUR_REC_EXP","INT-EXP","USD","A","2017",158290,
"USA","TOUR_REC_EXP","INT-EXP","USD","A","2018",176817,
"USA","TOUR_REC_EXP","INT-EXP","USD","A","2019",186080,
"USA","TOUR_REC_EXP","INT-EXP","USD","A","2020",48840,
"USA","TOUR_REC_EXP","INT-EXP","USD","A","2021",74121,
"BRA","TOUR_REC_EXP","INT_REC","USD","A","2008",6109.375,
"BRA","TOUR_REC_EXP","INT_REC","USD","A","2009",5634.802,
"BRA","TOUR_REC_EXP","INT_REC","USD","A","2010",5521.89,
"BRA","TOUR_REC_EXP","INT_REC","USD","A","2011",6369.69,
"BRA","TOUR_REC_EXP","INT_REC","USD","A","2012",6623.421,
"BRA","TOUR_REC_EXP","INT_REC","USD","A","2013",6783.68,
"BRA","TOUR_REC_EXP","INT_REC","USD","A","2014",7404.353,
"BRA","TOUR_REC_EXP","INT_REC","USD","A","2015",6254.328,
"BRA","TOUR_REC_EXP","INT_REC","USD","A","2016",6612.773,
"BRA","TOUR_REC_EXP","INT_REC","USD","A","2017",6175.036,
"BRA","TOUR_REC_EXP","INT_REC","USD","A","2018",6323.462,
"BRA","TOUR_REC_EXP","INT_REC","USD","A","2019",6126.813,
"BRA","TOUR_REC_EXP","INT_REC","USD","A","2020",3099.112,
"BRA","TOUR_REC_EXP","INT-EXP","USD","A","2008",13269.68,
"BRA","TOUR_REC_EXP","INT-EXP","USD","A","2009",12896.79,
"BRA","TOUR_REC_EXP","INT-EXP","USD","A","2010",18883.59,
"BRA","TOUR_REC_EXP","INT-EXP","USD","A","2011",24608.09,
"BRA","TOUR_REC_EXP","INT-EXP","USD","A","2012",26007.32,
"BRA","TOUR_REC_EXP","INT-EXP","USD","A","2013",29286.51,
"BRA","TOUR_REC_EXP","INT-EXP","USD","A","2014",29998.25,
"BRA","TOUR_REC_EXP","INT-EXP","USD","A","2015",20356.1,
"BRA","TOUR_REC_EXP","INT-EXP","USD","A","2016",17067.799,
"BRA","TOUR_REC_EXP","INT-EXP","USD","A","2017",22991.144,
"BRA","TOUR_REC_EXP","INT-EXP","USD","A","2018",22228.938,
"BRA","TOUR_REC_EXP","INT-EXP","USD","A","2019",21177.995,
"BRA","TOUR_REC_EXP","INT-EXP","USD","A","2020",6489.95,
"BGR","TOUR_REC_EXP","INT_REC","USD","A","2008",4646.894,
"BGR","TOUR_REC_EXP","INT_REC","USD","A","2009",4113.433,
"BGR","TOUR_REC_EXP","INT_REC","USD","A","2010",3883.292,
"BGR","TOUR_REC_EXP","INT_REC","USD","A","2011",4235.306,
"BGR","TOUR_REC_EXP","INT_REC","USD","A","2012",4043.182,
"BGR","TOUR_REC_EXP","INT_REC","USD","A","2013",4419.231,
"BGR","TOUR_REC_EXP","INT_REC","USD","A","2014",4494.463,
"BGR","TOUR_REC_EXP","INT_REC","USD","A","2015",3574.179,
"BGR","TOUR_REC_EXP","INT_REC","USD","A","2016",4141.154,
"BGR","TOUR_REC_EXP","INT_REC","USD","A","2017",4598.015,
"BGR","TOUR_REC_EXP","INT_REC","USD","A","2018",5093.214,
"BGR","TOUR_REC_EXP","INT_REC","USD","A","2019",4832.402,
"BGR","TOUR_REC_EXP","INT_REC","USD","A","2020",1779.153,
"BGR","TOUR_REC_EXP","INT-EXP","USD","A","2008",1956.796,
"BGR","TOUR_REC_EXP","INT-EXP","USD","A","2009",1403.046,
"BGR","TOUR_REC_EXP","INT-EXP","USD","A","2010",977.244,
"BGR","TOUR_REC_EXP","INT-EXP","USD","A","2011",1058.375,
"BGR","TOUR_REC_EXP","INT-EXP","USD","A","2012",1100.583,
"BGR","TOUR_REC_EXP","INT-EXP","USD","A","2013",1344.908,
"BGR","TOUR_REC_EXP","INT-EXP","USD","A","2014",1454.196,
"BGR","TOUR_REC_EXP","INT-EXP","USD","A","2015",1345.361,
"BGR","TOUR_REC_EXP","INT-EXP","USD","A","2016",1631.197,
"BGR","TOUR_REC_EXP","INT-EXP","USD","A","2017",2035.411,
"BGR","TOUR_REC_EXP","INT-EXP","USD","A","2018",2247.284,
"BGR","TOUR_REC_EXP","INT-EXP","USD","A","2019",2196.22,
"BGR","TOUR_REC_EXP","INT-EXP","USD","A","2020",1252.491,
"CHL","TOUR_REC_EXP","INT_REC","USD","A","2008",2481,
"CHL","TOUR_REC_EXP","INT_REC","USD","A","2009",2379.9,
"CHL","TOUR_REC_EXP","INT_REC","USD","A","2010",2362.2,
"CHL","TOUR_REC_EXP","INT_REC","USD","A","2011",2722.3,
"CHL","TOUR_REC_EXP","INT_REC","USD","A","2012",3158.7,
"CHL","TOUR_REC_EXP","INT_REC","USD","A","2013",3170.7,
"CHL","TOUR_REC_EXP","INT_REC","USD","A","2014",3202,
"CHL","TOUR_REC_EXP","INT_REC","USD","A","2015",3412.9,
"CHL","TOUR_REC_EXP","INT_REC","USD","A","2016",3744,
"CHL","TOUR_REC_EXP","INT_REC","USD","A","2017",4114.9,
"CHL","TOUR_REC_EXP","INT_REC","USD","A","2018",3910.6,
"CHL","TOUR_REC_EXP","INT_REC","USD","A","2019",3278.2,
"CHL","TOUR_REC_EXP","INT_REC","USD","A","2020",1033.1,
"CHL","TOUR_REC_EXP","INT_REC","USD","A","2021",633.102,
"CHL","TOUR_REC_EXP","INT-EXP","USD","A","2008",1386,
"CHL","TOUR_REC_EXP","INT-EXP","USD","A","2009",1511.1,
"CHL","TOUR_REC_EXP","INT-EXP","USD","A","2010",1736.2,
"CHL","TOUR_REC_EXP","INT-EXP","USD","A","2011",2084.6,
"CHL","TOUR_REC_EXP","INT-EXP","USD","A","2012",2399.7,
"CHL","TOUR_REC_EXP","INT-EXP","USD","A","2013",2499,
"CHL","TOUR_REC_EXP","INT-EXP","USD","A","2014",2706.3,
"CHL","TOUR_REC_EXP","INT-EXP","USD","A","2015",2518.7,
"CHL","TOUR_REC_EXP","INT-EXP","USD","A","2016",2733.2,
"CHL","TOUR_REC_EXP","INT-EXP","USD","A","2017",3093.8,
"CHL","TOUR_REC_EXP","INT-EXP","USD","A","2018",3123.7,
"CHL","TOUR_REC_EXP","INT-EXP","USD","A","2019",3141.7,
"CHL","TOUR_REC_EXP","INT-EXP","USD","A","2020",719.5,
"CHL","TOUR_REC_EXP","INT-EXP","USD","A","2021",579.849,
"COL","TOUR_REC_EXP","INT_REC","USD","A","2008",2965.7,
"COL","TOUR_REC_EXP","INT_REC","USD","A","2009",3080.2,
"COL","TOUR_REC_EXP","INT_REC","USD","A","2010",3472.5,
"COL","TOUR_REC_EXP","INT_REC","USD","A","2011",3841,
"COL","TOUR_REC_EXP","INT_REC","USD","A","2012",4408.8,
"COL","TOUR_REC_EXP","INT_REC","USD","A","2013",4819,
"COL","TOUR_REC_EXP","INT_REC","USD","A","2014",4940.6,
"COL","TOUR_REC_EXP","INT_REC","USD","A","2015",5281,
"COL","TOUR_REC_EXP","INT_REC","USD","A","2016",5631.1,
"COL","TOUR_REC_EXP","INT_REC","USD","A","2017",5898.6,
"COL","TOUR_REC_EXP","INT_REC","USD","A","2018",6655,
"COL","TOUR_REC_EXP","INT_REC","USD","A","2019",6784.6,
"COL","TOUR_REC_EXP","INT_REC","USD","A","2020",1944.8,
"COL","TOUR_REC_EXP","INT-EXP","USD","A","2008",2818.6,
"COL","TOUR_REC_EXP","INT-EXP","USD","A","2009",2840.7,
"COL","TOUR_REC_EXP","INT-EXP","USD","A","2010",3227.6,
"COL","TOUR_REC_EXP","INT-EXP","USD","A","2011",3688.4,
"COL","TOUR_REC_EXP","INT-EXP","USD","A","2012",4461.1,
"COL","TOUR_REC_EXP","INT-EXP","USD","A","2013",4592.2,
"COL","TOUR_REC_EXP","INT-EXP","USD","A","2014",5298.7,
"COL","TOUR_REC_EXP","INT-EXP","USD","A","2015",4889.6,
"COL","TOUR_REC_EXP","INT-EXP","USD","A","2016",4890.1,
"COL","TOUR_REC_EXP","INT-EXP","USD","A","2017",5135.2,
"COL","TOUR_REC_EXP","INT-EXP","USD","A","2018",5531,
"COL","TOUR_REC_EXP","INT-EXP","USD","A","2019",5658,
"COL","TOUR_REC_EXP","INT-EXP","USD","A","2020",1540.1,
"CRI","TOUR_REC_EXP","INT_REC","USD","A","2008",2811.9,
"CRI","TOUR_REC_EXP","INT_REC","USD","A","2009",2215.8,
"CRI","TOUR_REC_EXP","INT_REC","USD","A","2010",2426.4,
"CRI","TOUR_REC_EXP","INT_REC","USD","A","2011",2645.7,
"CRI","TOUR_REC_EXP","INT_REC","USD","A","2012",2772.7,
"CRI","TOUR_REC_EXP","INT_REC","USD","A","2013",3170.9,
"CRI","TOUR_REC_EXP","INT_REC","USD","A","2014",3137.2,
"CRI","TOUR_REC_EXP","INT_REC","USD","A","2015",3409,
"CRI","TOUR_REC_EXP","INT_REC","USD","A","2016",3776.3,
"CRI","TOUR_REC_EXP","INT_REC","USD","A","2017",3757.9,
"CRI","TOUR_REC_EXP","INT_REC","USD","A","2018",4072.3,
"CRI","TOUR_REC_EXP","INT_REC","USD","A","2019",4339.9,
"CRI","TOUR_REC_EXP","INT_REC","USD","A","2020",1450.3,
"CRI","TOUR_REC_EXP","INT-EXP","USD","A","2008",752.9,
"CRI","TOUR_REC_EXP","INT-EXP","USD","A","2009",499.6,
"CRI","TOUR_REC_EXP","INT-EXP","USD","A","2010",629.1,
"CRI","TOUR_REC_EXP","INT-EXP","USD","A","2011",620.5,
"CRI","TOUR_REC_EXP","INT-EXP","USD","A","2012",646.9,
"CRI","TOUR_REC_EXP","INT-EXP","USD","A","2013",648.7,
"CRI","TOUR_REC_EXP","INT-EXP","USD","A","2014",657,
"CRI","TOUR_REC_EXP","INT-EXP","USD","A","2015",898.1,
"CRI","TOUR_REC_EXP","INT-EXP","USD","A","2016",1055.3,
"CRI","TOUR_REC_EXP","INT-EXP","USD","A","2017",1321.5,
"CRI","TOUR_REC_EXP","INT-EXP","USD","A","2018",1198.2,
"CRI","TOUR_REC_EXP","INT-EXP","USD","A","2019",1450.7,
"CRI","TOUR_REC_EXP","INT-EXP","USD","A","2020",677.5,
"HRV","TOUR_REC_EXP","INT_REC","USD","A","2008",10031.71,
"HRV","TOUR_REC_EXP","INT_REC","USD","A","2009",8109.988,
"HRV","TOUR_REC_EXP","INT_REC","USD","A","2010",8449.098,
"HRV","TOUR_REC_EXP","INT_REC","USD","A","2011",9433.202,
"HRV","TOUR_REC_EXP","INT_REC","USD","A","2012",9018.457,
"HRV","TOUR_REC_EXP","INT_REC","USD","A","2013",9721.004,
"HRV","TOUR_REC_EXP","INT_REC","USD","A","2014",8885.426,
"HRV","TOUR_REC_EXP","INT_REC","USD","A","2015",8160.331,
"HRV","TOUR_REC_EXP","INT_REC","USD","A","2016",9107.381,
"HRV","TOUR_REC_EXP","INT_REC","USD","A","2017",10254.173,
"HRV","TOUR_REC_EXP","INT_REC","USD","A","2018",11425.329,
"HRV","TOUR_REC_EXP","INT_REC","USD","A","2019",11994.171,
"HRV","TOUR_REC_EXP","INT_REC","USD","A","2020",5238.312,
"HRV","TOUR_REC_EXP","INT_REC","USD","A","2021",10879.564,
"HRV","TOUR_REC_EXP","INT-EXP","USD","A","2008",1166.708,
"HRV","TOUR_REC_EXP","INT-EXP","USD","A","2009",1040.875,
"HRV","TOUR_REC_EXP","INT-EXP","USD","A","2010",861.734,
"HRV","TOUR_REC_EXP","INT-EXP","USD","A","2011",916.89,
"HRV","TOUR_REC_EXP","INT-EXP","USD","A","2012",963.287,
"HRV","TOUR_REC_EXP","INT-EXP","USD","A","2013",922.072,
"HRV","TOUR_REC_EXP","INT-EXP","USD","A","2014",861.302,
"HRV","TOUR_REC_EXP","INT-EXP","USD","A","2015",770.773,
"HRV","TOUR_REC_EXP","INT-EXP","USD","A","2016",952.456,
"HRV","TOUR_REC_EXP","INT-EXP","USD","A","2017",1384.042,
"HRV","TOUR_REC_EXP","INT-EXP","USD","A","2018",1738.468,
"HRV","TOUR_REC_EXP","INT-EXP","USD","A","2019",1808.199,
"HRV","TOUR_REC_EXP","INT-EXP","USD","A","2020",763.294,
"HRV","TOUR_REC_EXP","INT-EXP","USD","A","2021",1097.558,
"EGY","TOUR_REC_EXP","INT_REC","USD","A","2008",12103.8,
"EGY","TOUR_REC_EXP","INT_REC","USD","A","2009",11756.9,
"EGY","TOUR_REC_EXP","INT_REC","USD","A","2010",13633.1,
"EGY","TOUR_REC_EXP","INT_REC","USD","A","2011",9333.2,
"EGY","TOUR_REC_EXP","INT_REC","USD","A","2012",10822.7,
"EGY","TOUR_REC_EXP","INT_REC","USD","A","2013",6746.7,
"EGY","TOUR_REC_EXP","INT_REC","USD","A","2014",7978.1,
"EGY","TOUR_REC_EXP","INT_REC","USD","A","2015",6896.8,
"EGY","TOUR_REC_EXP","INT_REC","USD","A","2016",3253.532,
"EGY","TOUR_REC_EXP","INT_REC","USD","A","2017",8636.3,
"EGY","TOUR_REC_EXP","INT_REC","USD","A","2018",12704,
"EGY","TOUR_REC_EXP","INT_REC","USD","A","2019",14256.4,
"EGY","TOUR_REC_EXP","INT_REC","USD","A","2020",4873.1,
"EGY","TOUR_REC_EXP","INT-EXP","USD","A","2008",3389.9,
"EGY","TOUR_REC_EXP","INT-EXP","USD","A","2009",2941,
"EGY","TOUR_REC_EXP","INT-EXP","USD","A","2010",2695.4,
"EGY","TOUR_REC_EXP","INT-EXP","USD","A","2011",2574.1,
"EGY","TOUR_REC_EXP","INT-EXP","USD","A","2012",3037,
"EGY","TOUR_REC_EXP","INT-EXP","USD","A","2013",3260.3,
"EGY","TOUR_REC_EXP","INT-EXP","USD","A","2014",3485.4,
"EGY","TOUR_REC_EXP","INT-EXP","USD","A","2015",3635.9,
"EGY","TOUR_REC_EXP","INT-EXP","USD","A","2016",4351.3,
"EGY","TOUR_REC_EXP","INT-EXP","USD","A","2017",2418.8,
"EGY","TOUR_REC_EXP","INT-EXP","USD","A","2018",2897,
"EGY","TOUR_REC_EXP","INT-EXP","USD","A","2019",3718.1,
"EGY","TOUR_REC_EXP","INT-EXP","USD","A","2020",2568.5,
"EST","TOUR_REC_EXP","INT_REC","USD","A","2008",1626.533,
"EST","TOUR_REC_EXP","INT_REC","USD","A","2009",1437.408,
"EST","TOUR_REC_EXP","INT_REC","USD","A","2010",1421.3,
"EST","TOUR_REC_EXP","INT_REC","USD","A","2011",1675.9,
"EST","TOUR_REC_EXP","INT_REC","USD","A","2012",1593.6,
"EST","TOUR_REC_EXP","INT_REC","USD","A","2013",2063.2,
"EST","TOUR_REC_EXP","INT_REC","USD","A","2014",2276.4,
"EST","TOUR_REC_EXP","INT_REC","USD","A","2015",1882.6,
"EST","TOUR_REC_EXP","INT_REC","USD","A","2016",1906.4,
"EST","TOUR_REC_EXP","INT_REC","USD","A","2017",2115,
"EST","TOUR_REC_EXP","INT_REC","USD","A","2018",2331.3,
"EST","TOUR_REC_EXP","INT_REC","USD","A","2019",2311.9,
"EST","TOUR_REC_EXP","INT_REC","USD","A","2020",869.5,
"EST","TOUR_REC_EXP","INT-EXP","USD","A","2008",933.456,
"EST","TOUR_REC_EXP","INT-EXP","USD","A","2009",692.165,
"EST","TOUR_REC_EXP","INT-EXP","USD","A","2010",723.4,
"EST","TOUR_REC_EXP","INT-EXP","USD","A","2011",939.2,
"EST","TOUR_REC_EXP","INT-EXP","USD","A","2012",960.3,
"EST","TOUR_REC_EXP","INT-EXP","USD","A","2013",1243.3,
"EST","TOUR_REC_EXP","INT-EXP","USD","A","2014",1346.9,
"EST","TOUR_REC_EXP","INT-EXP","USD","A","2015",1169.6,
"EST","TOUR_REC_EXP","INT-EXP","USD","A","2016",1297.5,
"EST","TOUR_REC_EXP","INT-EXP","USD","A","2017",1391.6,
"EST","TOUR_REC_EXP","INT-EXP","USD","A","2018",1649.9,
"EST","TOUR_REC_EXP","INT-EXP","USD","A","2019",1809.2,
"EST","TOUR_REC_EXP","INT-EXP","USD","A","2020",680.7,
"IND","TOUR_REC_EXP","INT_REC","USD","A","2008",12462.151,
"IND","TOUR_REC_EXP","INT_REC","USD","A","2009",11220.682,
"IND","TOUR_REC_EXP","INT_REC","USD","A","2010",14489.7,
"IND","TOUR_REC_EXP","INT_REC","USD","A","2011",17707.5,
"IND","TOUR_REC_EXP","INT_REC","USD","A","2012",18339.961,
"IND","TOUR_REC_EXP","INT_REC","USD","A","2013",19041.736,
"IND","TOUR_REC_EXP","INT_REC","USD","A","2014",20756.16,
"IND","TOUR_REC_EXP","INT_REC","USD","A","2015",21471.224,
"IND","TOUR_REC_EXP","INT_REC","USD","A","2016",23111.129,
"IND","TOUR_REC_EXP","INT_REC","USD","A","2017",27877.838,
"IND","TOUR_REC_EXP","INT_REC","USD","A","2018",29142.986,
"IND","TOUR_REC_EXP","INT_REC","USD","A","2019",31661.062,
"IND","TOUR_REC_EXP","INT_REC","USD","A","2020",13412.939,
"IND","TOUR_REC_EXP","INT-EXP","USD","A","2008",12083.05,
"IND","TOUR_REC_EXP","INT-EXP","USD","A","2009",9740.292,
"IND","TOUR_REC_EXP","INT-EXP","USD","A","2010",10489.6,
"IND","TOUR_REC_EXP","INT-EXP","USD","A","2011",13699.2,
"IND","TOUR_REC_EXP","INT-EXP","USD","A","2012",14106.94,
"IND","TOUR_REC_EXP","INT-EXP","USD","A","2013",13883.661,
"IND","TOUR_REC_EXP","INT-EXP","USD","A","2014",17491.955,
"IND","TOUR_REC_EXP","INT-EXP","USD","A","2015",17685.741,
"IND","TOUR_REC_EXP","INT-EXP","USD","A","2016",19184.139,
"IND","TOUR_REC_EXP","INT-EXP","USD","A","2017",21856.177,
"IND","TOUR_REC_EXP","INT-EXP","USD","A","2018",25790.352,
"IND","TOUR_REC_EXP","INT-EXP","USD","A","2019",28594.81,
"IND","TOUR_REC_EXP","INT-EXP","USD","A","2020",15774.12,
"IDN","TOUR_REC_EXP","INT_REC","USD","A","2008",8150.699,
"IDN","TOUR_REC_EXP","INT_REC","USD","A","2009",6052.56,
"IDN","TOUR_REC_EXP","INT_REC","USD","A","2010",7617.711,
"IDN","TOUR_REC_EXP","INT_REC","USD","A","2011",9038.06,
"IDN","TOUR_REC_EXP","INT_REC","USD","A","2012",9462.13,
"IDN","TOUR_REC_EXP","INT_REC","USD","A","2013",10302.62,
"IDN","TOUR_REC_EXP","INT_REC","USD","A","2014",11566.72,
"IDN","TOUR_REC_EXP","INT_REC","USD","A","2015",12053.886,
"IDN","TOUR_REC_EXP","INT_REC","USD","A","2016",12565.247,
"IDN","TOUR_REC_EXP","INT_REC","USD","A","2017",14691.072,
"IDN","TOUR_REC_EXP","INT_REC","USD","A","2018",17915.112,
"IDN","TOUR_REC_EXP","INT_REC","USD","A","2019",18405.069,
"IDN","TOUR_REC_EXP","INT_REC","USD","A","2020",3532.288,
"IDN","TOUR_REC_EXP","INT-EXP","USD","A","2008",8801.09,
"IDN","TOUR_REC_EXP","INT-EXP","USD","A","2009",6907.92,
"IDN","TOUR_REC_EXP","INT-EXP","USD","A","2010",8431.45,
"IDN","TOUR_REC_EXP","INT-EXP","USD","A","2011",8653.25,
"IDN","TOUR_REC_EXP","INT-EXP","USD","A","2012",9054.39,
"IDN","TOUR_REC_EXP","INT-EXP","USD","A","2013",10280.36,
"IDN","TOUR_REC_EXP","INT-EXP","USD","A","2014",10262.64,
"IDN","TOUR_REC_EXP","INT-EXP","USD","A","2015",9799.937,
"IDN","TOUR_REC_EXP","INT-EXP","USD","A","2016",9932.172,
"IDN","TOUR_REC_EXP","INT-EXP","USD","A","2017",10945.136,
"IDN","TOUR_REC_EXP","INT-EXP","USD","A","2018",13171.025,
"IDN","TOUR_REC_EXP","INT-EXP","USD","A","2019",14448.615,
"IDN","TOUR_REC_EXP","INT-EXP","USD","A","2020",1980.372,
"ISR","TOUR_REC_EXP","INT_REC","USD","A","2008",5029.8,
"ISR","TOUR_REC_EXP","INT_REC","USD","A","2009",5067.099,
"ISR","TOUR_REC_EXP","INT_REC","USD","A","2010",5816.8,
"ISR","TOUR_REC_EXP","INT_REC","USD","A","2011",5886.4,
"ISR","TOUR_REC_EXP","INT_REC","USD","A","2012",6183.1,
"ISR","TOUR_REC_EXP","INT_REC","USD","A","2013",6599.8,
"ISR","TOUR_REC_EXP","INT_REC","USD","A","2014",6616.2,
"ISR","TOUR_REC_EXP","INT_REC","USD","A","2015",6605.2,
"ISR","TOUR_REC_EXP","INT_REC","USD","A","2016",6616.2,
"ISR","TOUR_REC_EXP","INT_REC","USD","A","2017",7601.8,
"ISR","TOUR_REC_EXP","INT_REC","USD","A","2018",8047.6,
"ISR","TOUR_REC_EXP","INT_REC","USD","A","2019",8438.6,
"ISR","TOUR_REC_EXP","INT_REC","USD","A","2020",2661,
"ISR","TOUR_REC_EXP","INT_REC","USD","A","2021",2517,
"ISR","TOUR_REC_EXP","INT-EXP","USD","A","2008",4446.2,
"ISR","TOUR_REC_EXP","INT-EXP","USD","A","2009",4240.998,
"ISR","TOUR_REC_EXP","INT-EXP","USD","A","2010",4725.6,
"ISR","TOUR_REC_EXP","INT-EXP","USD","A","2011",4937,
"ISR","TOUR_REC_EXP","INT-EXP","USD","A","2012",5008.8,
"ISR","TOUR_REC_EXP","INT-EXP","USD","A","2013",5757.9,
"ISR","TOUR_REC_EXP","INT-EXP","USD","A","2014",6534.3,
"ISR","TOUR_REC_EXP","INT-EXP","USD","A","2015",7507,
"ISR","TOUR_REC_EXP","INT-EXP","USD","A","2016",8210.3,
"ISR","TOUR_REC_EXP","INT-EXP","USD","A","2017",8986,
"ISR","TOUR_REC_EXP","INT-EXP","USD","A","2018",9974.7,
"ISR","TOUR_REC_EXP","INT-EXP","USD","A","2019",10389.5,
"LVA","TOUR_REC_EXP","INT_REC","USD","A","2008",1120.6,
"LVA","TOUR_REC_EXP","INT_REC","USD","A","2009",997.4,
"LVA","TOUR_REC_EXP","INT_REC","USD","A","2010",961.8,
"LVA","TOUR_REC_EXP","INT_REC","USD","A","2011",1104.9,
"LVA","TOUR_REC_EXP","INT_REC","USD","A","2012",1070.6,
"LVA","TOUR_REC_EXP","INT_REC","USD","A","2013",1189.5,
"LVA","TOUR_REC_EXP","INT_REC","USD","A","2014",1298,
"LVA","TOUR_REC_EXP","INT_REC","USD","A","2015",1282.7,
"LVA","TOUR_REC_EXP","INT_REC","USD","A","2016",1312.8,
"LVA","TOUR_REC_EXP","INT_REC","USD","A","2017",1409.9,
"LVA","TOUR_REC_EXP","INT_REC","USD","A","2018",1625,
"LVA","TOUR_REC_EXP","INT_REC","USD","A","2019",1565.1,
"LVA","TOUR_REC_EXP","INT_REC","USD","A","2020",546,
"LVA","TOUR_REC_EXP","INT-EXP","USD","A","2008",1243.7,
"LVA","TOUR_REC_EXP","INT-EXP","USD","A","2009",903,
"LVA","TOUR_REC_EXP","INT-EXP","USD","A","2010",773.6,
"LVA","TOUR_REC_EXP","INT-EXP","USD","A","2011",924,
"LVA","TOUR_REC_EXP","INT-EXP","USD","A","2012",866.2,
"LVA","TOUR_REC_EXP","INT-EXP","USD","A","2013",897.4,
"LVA","TOUR_REC_EXP","INT-EXP","USD","A","2014",890.1,
"LVA","TOUR_REC_EXP","INT-EXP","USD","A","2015",803.3,
"LVA","TOUR_REC_EXP","INT-EXP","USD","A","2016",883.3,
"LVA","TOUR_REC_EXP","INT-EXP","USD","A","2017",920.8,
"LVA","TOUR_REC_EXP","INT-EXP","USD","A","2018",1012,
"LVA","TOUR_REC_EXP","INT-EXP","USD","A","2019",975.1,
"LVA","TOUR_REC_EXP","INT-EXP","USD","A","2020",363.3,
"LTU","TOUR_REC_EXP","INT_REC","USD","A","2010",1042.2,
"LTU","TOUR_REC_EXP","INT_REC","USD","A","2011",1375.8,
"LTU","TOUR_REC_EXP","INT_REC","USD","A","2012",1436.4,
"LTU","TOUR_REC_EXP","INT_REC","USD","A","2013",1502.8,
"LTU","TOUR_REC_EXP","INT_REC","USD","A","2014",1481.4,
"LTU","TOUR_REC_EXP","INT_REC","USD","A","2015",1287.9,
"LTU","TOUR_REC_EXP","INT_REC","USD","A","2016",1379.4,
"LTU","TOUR_REC_EXP","INT_REC","USD","A","2017",1560.5,
"LTU","TOUR_REC_EXP","INT_REC","USD","A","2018",1775.2,
"LTU","TOUR_REC_EXP","INT_REC","USD","A","2019",1614.4,
"LTU","TOUR_REC_EXP","INT_REC","USD","A","2020",663.3,
"LTU","TOUR_REC_EXP","INT-EXP","USD","A","2010",940.5,
"LTU","TOUR_REC_EXP","INT-EXP","USD","A","2011",973.1,
"LTU","TOUR_REC_EXP","INT-EXP","USD","A","2012",1059.3,
"LTU","TOUR_REC_EXP","INT-EXP","USD","A","2013",1245.1,
"LTU","TOUR_REC_EXP","INT-EXP","USD","A","2014",1245.7,
"LTU","TOUR_REC_EXP","INT-EXP","USD","A","2015",1124.3,
"LTU","TOUR_REC_EXP","INT-EXP","USD","A","2016",1212.1,
"LTU","TOUR_REC_EXP","INT-EXP","USD","A","2017",1307.9,
"LTU","TOUR_REC_EXP","INT-EXP","USD","A","2018",1606.8,
"LTU","TOUR_REC_EXP","INT-EXP","USD","A","2019",1589.7,
"LTU","TOUR_REC_EXP","INT-EXP","USD","A","2020",597.3,
"MLT","TOUR_REC_EXP","INT_REC","USD","A","2008",1082.982,
"MLT","TOUR_REC_EXP","INT_REC","USD","A","2009",899.538,
"MLT","TOUR_REC_EXP","INT_REC","USD","A","2010",1066.266,
"MLT","TOUR_REC_EXP","INT_REC","USD","A","2011",1461.553,
"MLT","TOUR_REC_EXP","INT_REC","USD","A","2012",1471.083,
"MLT","TOUR_REC_EXP","INT_REC","USD","A","2013",1649.523,
"MLT","TOUR_REC_EXP","INT_REC","USD","A","2014",1784.192,
"MLT","TOUR_REC_EXP","INT_REC","USD","A","2015",1677.472,
"MLT","TOUR_REC_EXP","INT_REC","USD","A","2016",2040.576,
"MLT","TOUR_REC_EXP","INT_REC","USD","A","2017",2412.999,
"MLT","TOUR_REC_EXP","INT_REC","USD","A","2018",1848.837,
"MLT","TOUR_REC_EXP","INT_REC","USD","A","2019",1897.011,
"MLT","TOUR_REC_EXP","INT_REC","USD","A","2020",416.673,
"MLT","TOUR_REC_EXP","INT-EXP","USD","A","2008",307.506,
"MLT","TOUR_REC_EXP","INT-EXP","USD","A","2009",290.924,
"MLT","TOUR_REC_EXP","INT-EXP","USD","A","2010",309.522,
"MLT","TOUR_REC_EXP","INT-EXP","USD","A","2011",332.677,
"MLT","TOUR_REC_EXP","INT-EXP","USD","A","2012",340.469,
"MLT","TOUR_REC_EXP","INT-EXP","USD","A","2013",383.826,
"MLT","TOUR_REC_EXP","INT-EXP","USD","A","2014",397.286,
"MLT","TOUR_REC_EXP","INT-EXP","USD","A","2015",368.247,
"MLT","TOUR_REC_EXP","INT-EXP","USD","A","2016",408.115,
"MLT","TOUR_REC_EXP","INT-EXP","USD","A","2017",467.688,
"MLT","TOUR_REC_EXP","INT-EXP","USD","A","2018",517.76,
"MLT","TOUR_REC_EXP","INT-EXP","USD","A","2019",529.6,
"MLT","TOUR_REC_EXP","INT-EXP","USD","A","2020",128.04,
"MAR","TOUR_REC_EXP","INT_REC","USD","A","2008",8885.29,
"MAR","TOUR_REC_EXP","INT_REC","USD","A","2009",7980.05,
"MAR","TOUR_REC_EXP","INT_REC","USD","A","2010",8175.29,
"MAR","TOUR_REC_EXP","INT_REC","USD","A","2011",9100.43,
"MAR","TOUR_REC_EXP","INT_REC","USD","A","2012",8491.42,
"MAR","TOUR_REC_EXP","INT_REC","USD","A","2013",8201.69,
"MAR","TOUR_REC_EXP","INT_REC","USD","A","2014",9070.541,
"MAR","TOUR_REC_EXP","INT_REC","USD","A","2015",7764.412,
"MAR","TOUR_REC_EXP","INT_REC","USD","A","2016",7922.678,
"MAR","TOUR_REC_EXP","INT_REC","USD","A","2017",9086.243,
"MAR","TOUR_REC_EXP","INT_REC","USD","A","2018",9519.997,
"MAR","TOUR_REC_EXP","INT_REC","USD","A","2019",9948.645,
"MAR","TOUR_REC_EXP","INT_REC","USD","A","2020",4513.64,
"MAR","TOUR_REC_EXP","INT-EXP","USD","A","2008",1910.433,
"MAR","TOUR_REC_EXP","INT-EXP","USD","A","2009",1713.242,
"MAR","TOUR_REC_EXP","INT-EXP","USD","A","2010",1879.044,
"MAR","TOUR_REC_EXP","INT-EXP","USD","A","2011",2259.694,
"MAR","TOUR_REC_EXP","INT-EXP","USD","A","2012",2095.144,
"MAR","TOUR_REC_EXP","INT-EXP","USD","A","2013",2002.181,
"MAR","TOUR_REC_EXP","INT-EXP","USD","A","2014",2273.428,
"MAR","TOUR_REC_EXP","INT-EXP","USD","A","2015",2154.948,
"MAR","TOUR_REC_EXP","INT-EXP","USD","A","2016",2311.444,
"MAR","TOUR_REC_EXP","INT-EXP","USD","A","2017",2829.219,
"MAR","TOUR_REC_EXP","INT-EXP","USD","A","2018",2987.634,
"MAR","TOUR_REC_EXP","INT-EXP","USD","A","2019",3102.543,
"MAR","TOUR_REC_EXP","INT-EXP","USD","A","2020",1508.648,
"PER","TOUR_REC_EXP","INT_REC","USD","A","2008",2395.848,
"PER","TOUR_REC_EXP","INT_REC","USD","A","2009",2439.517,
"PER","TOUR_REC_EXP","INT_REC","USD","A","2010",2475.1,
"PER","TOUR_REC_EXP","INT_REC","USD","A","2011",2814.011,
"PER","TOUR_REC_EXP","INT_REC","USD","A","2012",3073.378,
"PER","TOUR_REC_EXP","INT_REC","USD","A","2013",3915.833,
"PER","TOUR_REC_EXP","INT_REC","USD","A","2014",3907.709,
"PER","TOUR_REC_EXP","INT_REC","USD","A","2015",4139.968,
"PER","TOUR_REC_EXP","INT_REC","USD","A","2016",4287.711,
"PER","TOUR_REC_EXP","INT_REC","USD","A","2017",4572.759,
"PER","TOUR_REC_EXP","INT_REC","USD","A","2018",4504.938,
"PER","TOUR_REC_EXP","INT_REC","USD","A","2019",4784.276,
"PER","TOUR_REC_EXP","INT_REC","USD","A","2020",794.382,
"PER","TOUR_REC_EXP","INT_REC","USD","A","2021",1042.227,
"PER","TOUR_REC_EXP","INT-EXP","USD","A","2008",1431.833,
"PER","TOUR_REC_EXP","INT-EXP","USD","A","2009",1403.259,
"PER","TOUR_REC_EXP","INT-EXP","USD","A","2010",1647.486,
"PER","TOUR_REC_EXP","INT-EXP","USD","A","2011",1768.166,
"PER","TOUR_REC_EXP","INT-EXP","USD","A","2012",1899.674,
"PER","TOUR_REC_EXP","INT-EXP","USD","A","2013",2104.779,
"PER","TOUR_REC_EXP","INT-EXP","USD","A","2014",2118.55,
"PER","TOUR_REC_EXP","INT-EXP","USD","A","2015",2539.103,
"PER","TOUR_REC_EXP","INT-EXP","USD","A","2016",2699.919,
"PER","TOUR_REC_EXP","INT-EXP","USD","A","2017",2916.184,
"PER","TOUR_REC_EXP","INT-EXP","USD","A","2018",3352.195,
"PER","TOUR_REC_EXP","INT-EXP","USD","A","2019",3670.781,
"PER","TOUR_REC_EXP","INT-EXP","USD","A","2020",744.385,
"PER","TOUR_REC_EXP","INT-EXP","USD","A","2021",1520.804,
"PHL","TOUR_REC_EXP","INT_REC","USD","A","2008",3292.456,
"PHL","TOUR_REC_EXP","INT_REC","USD","A","2009",2916.122,
"PHL","TOUR_REC_EXP","INT_REC","USD","A","2010",3441.519,
"PHL","TOUR_REC_EXP","INT_REC","USD","A","2011",4052.71,
"PHL","TOUR_REC_EXP","INT_REC","USD","A","2012",4962.572,
"PHL","TOUR_REC_EXP","INT_REC","USD","A","2013",5598.213,
"PHL","TOUR_REC_EXP","INT_REC","USD","A","2014",6058.739,
"PHL","TOUR_REC_EXP","INT_REC","USD","A","2015",6414.762,
"PHL","TOUR_REC_EXP","INT_REC","USD","A","2016",6288.95,
"PHL","TOUR_REC_EXP","INT_REC","USD","A","2017",8348.674,
"PHL","TOUR_REC_EXP","INT_REC","USD","A","2018",9729.897,
"PHL","TOUR_REC_EXP","INT_REC","USD","A","2019",9823.652,
"PHL","TOUR_REC_EXP","INT-EXP","USD","A","2008",4284.73,
"PHL","TOUR_REC_EXP","INT-EXP","USD","A","2009",4055.9,
"PHL","TOUR_REC_EXP","INT-EXP","USD","A","2010",5963.949,
"PHL","TOUR_REC_EXP","INT-EXP","USD","A","2011",6055.44,
"PHL","TOUR_REC_EXP","INT-EXP","USD","A","2012",7139.97,
"PHL","TOUR_REC_EXP","INT-EXP","USD","A","2013",8399.452,
"PHL","TOUR_REC_EXP","INT-EXP","USD","A","2014",11129.442,
"PHL","TOUR_REC_EXP","INT-EXP","USD","A","2015",11867.74,
"PHL","TOUR_REC_EXP","INT-EXP","USD","A","2016",11681.165,
"PHL","TOUR_REC_EXP","INT-EXP","USD","A","2017",12441.919,
"PHL","TOUR_REC_EXP","INT-EXP","USD","A","2018",12473.723,
"PHL","TOUR_REC_EXP","INT-EXP","USD","A","2019",12038.897,
"ROU","TOUR_REC_EXP","INT_REC","USD","A","2008",1991.704,
"ROU","TOUR_REC_EXP","INT_REC","USD","A","2009",1230.581,
"ROU","TOUR_REC_EXP","INT_REC","USD","A","2010",1135.413,
"ROU","TOUR_REC_EXP","INT_REC","USD","A","2011",1419.374,
"ROU","TOUR_REC_EXP","INT_REC","USD","A","2012",1465.682,
"ROU","TOUR_REC_EXP","INT_REC","USD","A","2013",2288.115,
"ROU","TOUR_REC_EXP","INT_REC","USD","A","2014",2389.973,
"ROU","TOUR_REC_EXP","INT_REC","USD","A","2015",2228.766,
"ROU","TOUR_REC_EXP","INT_REC","USD","A","2016",2471.987,
"ROU","TOUR_REC_EXP","INT_REC","USD","A","2017",3529.754,
"ROU","TOUR_REC_EXP","INT_REC","USD","A","2018",3886.886,
"ROU","TOUR_REC_EXP","INT_REC","USD","A","2019",4246.026,
"ROU","TOUR_REC_EXP","INT_REC","USD","A","2020",1608.462,
"ROU","TOUR_REC_EXP","INT-EXP","USD","A","2008",2173.797,
"ROU","TOUR_REC_EXP","INT-EXP","USD","A","2009",1468.793,
"ROU","TOUR_REC_EXP","INT-EXP","USD","A","2010",1637.152,
"ROU","TOUR_REC_EXP","INT-EXP","USD","A","2011",1964.565,
"ROU","TOUR_REC_EXP","INT-EXP","USD","A","2012",1831.913,
"ROU","TOUR_REC_EXP","INT-EXP","USD","A","2013",2112.275,
"ROU","TOUR_REC_EXP","INT-EXP","USD","A","2014",2749.404,
"ROU","TOUR_REC_EXP","INT-EXP","USD","A","2015",2523.08,
"ROU","TOUR_REC_EXP","INT-EXP","USD","A","2016",2913.152,
"ROU","TOUR_REC_EXP","INT-EXP","USD","A","2017",4926.647,
"ROU","TOUR_REC_EXP","INT-EXP","USD","A","2018",6121.489,
"ROU","TOUR_REC_EXP","INT-EXP","USD","A","2019",7177.809,
"ROU","TOUR_REC_EXP","INT-EXP","USD","A","2020",3474.523,
"RUS","TOUR_REC_EXP","INT_REC","USD","A","2009",12369.8,
"RUS","TOUR_REC_EXP","INT_REC","USD","A","2010",13239.9,
"RUS","TOUR_REC_EXP","INT_REC","USD","A","2011",16961,
"RUS","TOUR_REC_EXP","INT_REC","USD","A","2012",17875.6,
"RUS","TOUR_REC_EXP","INT_REC","USD","A","2013",20198.8,
"RUS","TOUR_REC_EXP","INT_REC","USD","A","2014",19451.1,
"RUS","TOUR_REC_EXP","INT_REC","USD","A","2015",13185.6,
"RUS","TOUR_REC_EXP","INT_REC","USD","A","2016",12821.8,
"RUS","TOUR_REC_EXP","INT_REC","USD","A","2017",14937.4,
"RUS","TOUR_REC_EXP","INT_REC","USD","A","2018",18735.4,
"RUS","TOUR_REC_EXP","INT_REC","USD","A","2019",17669.9,
"RUS","TOUR_REC_EXP","INT-EXP","USD","A","2009",23785.2,
"RUS","TOUR_REC_EXP","INT-EXP","USD","A","2010",30169,
"RUS","TOUR_REC_EXP","INT-EXP","USD","A","2011",37343.3,
"RUS","TOUR_REC_EXP","INT-EXP","USD","A","2012",48096.1,
"RUS","TOUR_REC_EXP","INT-EXP","USD","A","2013",59503.4,
"RUS","TOUR_REC_EXP","INT-EXP","USD","A","2014",55382,
"RUS","TOUR_REC_EXP","INT-EXP","USD","A","2015",38431.8,
"RUS","TOUR_REC_EXP","INT-EXP","USD","A","2016",27653.9,
"RUS","TOUR_REC_EXP","INT-EXP","USD","A","2017",35583.9,
"RUS","TOUR_REC_EXP","INT-EXP","USD","A","2018",38790.5,
"RUS","TOUR_REC_EXP","INT-EXP","USD","A","2019",40610.5,
"SVN","TOUR_REC_EXP","INT_REC","USD","A","2008",2931.775,
"SVN","TOUR_REC_EXP","INT_REC","USD","A","2009",2719.748,
"SVN","TOUR_REC_EXP","INT_REC","USD","A","2010",2820.4,
"SVN","TOUR_REC_EXP","INT_REC","USD","A","2011",3038.7,
"SVN","TOUR_REC_EXP","INT_REC","USD","A","2012",2804.7,
"SVN","TOUR_REC_EXP","INT_REC","USD","A","2013",2968.2,
"SVN","TOUR_REC_EXP","INT_REC","USD","A","2014",3053.2,
"SVN","TOUR_REC_EXP","INT_REC","USD","A","2015",2593.7,
"SVN","TOUR_REC_EXP","INT_REC","USD","A","2016",2713.2,
"SVN","TOUR_REC_EXP","INT_REC","USD","A","2017",3035.9,
"SVN","TOUR_REC_EXP","INT_REC","USD","A","2018",3388.7,
"SVN","TOUR_REC_EXP","INT_REC","USD","A","2019",3356.1,
"SVN","TOUR_REC_EXP","INT_REC","USD","A","2020",1417.7,
"SVN","TOUR_REC_EXP","INT-EXP","USD","A","2008",1602.012,
"SVN","TOUR_REC_EXP","INT-EXP","USD","A","2009",1445.091,
"SVN","TOUR_REC_EXP","INT-EXP","USD","A","2010",1655.1,
"SVN","TOUR_REC_EXP","INT-EXP","USD","A","2011",1718,
"SVN","TOUR_REC_EXP","INT-EXP","USD","A","2012",1517.2,
"SVN","TOUR_REC_EXP","INT-EXP","USD","A","2013",1560.7,
"SVN","TOUR_REC_EXP","INT-EXP","USD","A","2014",1644.8,
"SVN","TOUR_REC_EXP","INT-EXP","USD","A","2015",1370.2,
"SVN","TOUR_REC_EXP","INT-EXP","USD","A","2016",1480.2,
"SVN","TOUR_REC_EXP","INT-EXP","USD","A","2017",1629.6,
"SVN","TOUR_REC_EXP","INT-EXP","USD","A","2018",1871.9,
"SVN","TOUR_REC_EXP","INT-EXP","USD","A","2019",1772.2,
"SVN","TOUR_REC_EXP","INT-EXP","USD","A","2020",857.1,
"ZAF","TOUR_REC_EXP","INT_REC","USD","A","2008",9178.89,
"ZAF","TOUR_REC_EXP","INT_REC","USD","A","2009",8683.92,
"ZAF","TOUR_REC_EXP","INT_REC","USD","A","2010",10308.6,
"ZAF","TOUR_REC_EXP","INT_REC","USD","A","2011",10706.33,
"ZAF","TOUR_REC_EXP","INT_REC","USD","A","2012",11201.69,
"ZAF","TOUR_REC_EXP","INT_REC","USD","A","2013",10467.55,
"ZAF","TOUR_REC_EXP","INT_REC","USD","A","2014",10484.152,
"ZAF","TOUR_REC_EXP","INT_REC","USD","A","2015",9139.363,
"ZAF","TOUR_REC_EXP","INT_REC","USD","A","2016",8807.601,
"ZAF","TOUR_REC_EXP","INT_REC","USD","A","2017",9706.288,
"ZAF","TOUR_REC_EXP","INT_REC","USD","A","2018",9789.507,
"ZAF","TOUR_REC_EXP","INT_REC","USD","A","2019",9063.867,
"ZAF","TOUR_REC_EXP","INT_REC","USD","A","2020",2716.592,
"ZAF","TOUR_REC_EXP","INT_REC","USD","A","2021",2113,
"ZAF","TOUR_REC_EXP","INT-EXP","USD","A","2008",6905.38,
"ZAF","TOUR_REC_EXP","INT-EXP","USD","A","2009",6420.83,
"ZAF","TOUR_REC_EXP","INT-EXP","USD","A","2010",8138.55,
"ZAF","TOUR_REC_EXP","INT-EXP","USD","A","2011",8397.41,
"ZAF","TOUR_REC_EXP","INT-EXP","USD","A","2012",7144.71,
"ZAF","TOUR_REC_EXP","INT-EXP","USD","A","2013",6490.32,
"ZAF","TOUR_REC_EXP","INT-EXP","USD","A","2014",6313.212,
"ZAF","TOUR_REC_EXP","INT-EXP","USD","A","2015",5734.731,
"ZAF","TOUR_REC_EXP","INT-EXP","USD","A","2016",5354.391,
"ZAF","TOUR_REC_EXP","INT-EXP","USD","A","2017",6067.963,
"ZAF","TOUR_REC_EXP","INT-EXP","USD","A","2018",6347.762,
"ZAF","TOUR_REC_EXP","INT-EXP","USD","A","2019",5866.453,
"ZAF","TOUR_REC_EXP","INT-EXP","USD","A","2020",1594.026,
"ZAF","TOUR_REC_EXP","INT-EXP","USD","A","2021",1669,
"CHN","TOUR_REC_EXP","INT_REC","USD","A","2008",40843,
"CHN","TOUR_REC_EXP","INT_REC","USD","A","2009",39675,
"CHN","TOUR_REC_EXP","INT_REC","USD","A","2010",45814,
"CHN","TOUR_REC_EXP","INT_REC","USD","A","2011",48464,
"CHN","TOUR_REC_EXP","INT_REC","USD","A","2012",50028,
"CHN","TOUR_REC_EXP","INT_REC","USD","A","2013",51664,
"CHN","TOUR_REC_EXP","INT_REC","USD","A","2014",44043.681,
"CHN","TOUR_REC_EXP","INT_REC","USD","A","2015",44968.719,
"CHN","TOUR_REC_EXP","INT_REC","USD","A","2016",44425.974,
"CHN","TOUR_REC_EXP","INT_REC","USD","A","2017",38799.277,
"CHN","TOUR_REC_EXP","INT_REC","USD","A","2018",39467.77,
"CHN","TOUR_REC_EXP","INT_REC","USD","A","2019",34458.292,
"CHN","TOUR_REC_EXP","INT-EXP","USD","A","2008",36157,
"CHN","TOUR_REC_EXP","INT-EXP","USD","A","2009",43701.7,
"CHN","TOUR_REC_EXP","INT-EXP","USD","A","2010",54880,
"CHN","TOUR_REC_EXP","INT-EXP","USD","A","2011",72585.1,
"CHN","TOUR_REC_EXP","INT-EXP","USD","A","2012",101977,
"CHN","TOUR_REC_EXP","INT-EXP","USD","A","2013",128576,
"CHN","TOUR_REC_EXP","INT-EXP","USD","A","2014",227343.733,
"CHN","TOUR_REC_EXP","INT-EXP","USD","A","2015",249830.544,
"CHN","TOUR_REC_EXP","INT-EXP","USD","A","2016",261129.14,
"CHN","TOUR_REC_EXP","INT-EXP","USD","A","2017",254788.887,
"CHN","TOUR_REC_EXP","INT-EXP","USD","A","2018",276899.97,
"CHN","TOUR_REC_EXP","INT-EXP","USD","A","2019",250739.779,
"KAZ","TOUR_REC_EXP","INT_REC","USD","A","2008",1254.222,
"KAZ","TOUR_REC_EXP","INT_REC","USD","A","2009",1184.781,
"KAZ","TOUR_REC_EXP","INT_REC","USD","A","2010",1235.482,
"KAZ","TOUR_REC_EXP","INT_REC","USD","A","2011",1523.682,
"KAZ","TOUR_REC_EXP","INT_REC","USD","A","2012",2154.429,
"KAZ","TOUR_REC_EXP","INT_REC","USD","A","2013",2365.365,
"KAZ","TOUR_REC_EXP","INT_REC","USD","A","2014",2239.708,
"KAZ","TOUR_REC_EXP","INT_REC","USD","A","2015",1833.334,
"KAZ","TOUR_REC_EXP","INT_REC","USD","A","2016",2038.191,
"KAZ","TOUR_REC_EXP","INT_REC","USD","A","2017",2355.968,
"KAZ","TOUR_REC_EXP","INT_REC","USD","A","2018",2650.685,
"KAZ","TOUR_REC_EXP","INT_REC","USD","A","2019",2922.729,
"KAZ","TOUR_REC_EXP","INT_REC","USD","A","2020",588.673,
"KAZ","TOUR_REC_EXP","INT-EXP","USD","A","2008",1361.035,
"KAZ","TOUR_REC_EXP","INT-EXP","USD","A","2009",1319.462,
"KAZ","TOUR_REC_EXP","INT-EXP","USD","A","2010",1488.549,
"KAZ","TOUR_REC_EXP","INT-EXP","USD","A","2011",1830.507,
"KAZ","TOUR_REC_EXP","INT-EXP","USD","A","2012",3609.205,
"KAZ","TOUR_REC_EXP","INT-EXP","USD","A","2013",3772.142,
"KAZ","TOUR_REC_EXP","INT-EXP","USD","A","2014",3771.043,
"KAZ","TOUR_REC_EXP","INT-EXP","USD","A","2015",3046.157,
"KAZ","TOUR_REC_EXP","INT-EXP","USD","A","2016",2579.918,
"KAZ","TOUR_REC_EXP","INT-EXP","USD","A","2017",2694.666,
"KAZ","TOUR_REC_EXP","INT-EXP","USD","A","2018",2852.235,
"KAZ","TOUR_REC_EXP","INT-EXP","USD","A","2019",2955.29,
"KAZ","TOUR_REC_EXP","INT-EXP","USD","A","2020",861.385,
"SRB","TOUR_REC_EXP","INT_REC","USD","A","2008",1113.474,
"SRB","TOUR_REC_EXP","INT_REC","USD","A","2009",986.527,
"SRB","TOUR_REC_EXP","INT_REC","USD","A","2010",949.958,
"SRB","TOUR_REC_EXP","INT_REC","USD","A","2011",1149.423,
"SRB","TOUR_REC_EXP","INT_REC","USD","A","2012",1079.057,
"SRB","TOUR_REC_EXP","INT_REC","USD","A","2013",1221.487,
"SRB","TOUR_REC_EXP","INT_REC","USD","A","2014",1352.74,
"SRB","TOUR_REC_EXP","INT_REC","USD","A","2015",1321.638,
"SRB","TOUR_REC_EXP","INT_REC","USD","A","2016",1460.953,
"SRB","TOUR_REC_EXP","INT_REC","USD","A","2017",1706.146,
"SRB","TOUR_REC_EXP","INT_REC","USD","A","2018",1941.074,
"SRB","TOUR_REC_EXP","INT_REC","USD","A","2019",2000.579,
"SRB","TOUR_REC_EXP","INT_REC","USD","A","2020",1421.369,
"SRB","TOUR_REC_EXP","INT-EXP","USD","A","2008",1448.21,
"SRB","TOUR_REC_EXP","INT-EXP","USD","A","2009",1105.117,
"SRB","TOUR_REC_EXP","INT-EXP","USD","A","2010",1102.353,
"SRB","TOUR_REC_EXP","INT-EXP","USD","A","2011",1263.55,
"SRB","TOUR_REC_EXP","INT-EXP","USD","A","2012",1187.555,
"SRB","TOUR_REC_EXP","INT-EXP","USD","A","2013",1289.398,
"SRB","TOUR_REC_EXP","INT-EXP","USD","A","2014",1359.859,
"SRB","TOUR_REC_EXP","INT-EXP","USD","A","2015",1253.644,
"SRB","TOUR_REC_EXP","INT-EXP","USD","A","2016",1351.098,
"SRB","TOUR_REC_EXP","INT-EXP","USD","A","2017",1549.183,
"SRB","TOUR_REC_EXP","INT-EXP","USD","A","2018",1837.317,
"SRB","TOUR_REC_EXP","INT-EXP","USD","A","2019",1999.313,
"SRB","TOUR_REC_EXP","INT-EXP","USD","A","2020",1178.363,
"SAU","TOUR_REC_EXP","INT_REC","USD","A","2008",6774.203,
"SAU","TOUR_REC_EXP","INT_REC","USD","A","2009",6743.203,
"SAU","TOUR_REC_EXP","INT_REC","USD","A","2010",7535.733,
"SAU","TOUR_REC_EXP","INT_REC","USD","A","2011",9317.76,
"SAU","TOUR_REC_EXP","INT_REC","USD","A","2012",8400.497,
"SAU","TOUR_REC_EXP","INT_REC","USD","A","2013",8690.65,
"SAU","TOUR_REC_EXP","INT_REC","USD","A","2014",9263.83,
"SAU","TOUR_REC_EXP","INT_REC","USD","A","2015",11182.93,
"SAU","TOUR_REC_EXP","INT_REC","USD","A","2016",13437.176,
"SAU","TOUR_REC_EXP","INT_REC","USD","A","2017",15019.915,
"SAU","TOUR_REC_EXP","INT_REC","USD","A","2018",16974.559,
"SAU","TOUR_REC_EXP","INT_REC","USD","A","2019",19849.188,
"SAU","TOUR_REC_EXP","INT_REC","USD","A","2020",5960.187,
"SAU","TOUR_REC_EXP","INT-EXP","USD","A","2008",16004.767,
"SAU","TOUR_REC_EXP","INT-EXP","USD","A","2009",21311.533,
"SAU","TOUR_REC_EXP","INT-EXP","USD","A","2010",22076.333,
"SAU","TOUR_REC_EXP","INT-EXP","USD","A","2011",18201.967,
"SAU","TOUR_REC_EXP","INT-EXP","USD","A","2012",17985.967,
"SAU","TOUR_REC_EXP","INT-EXP","USD","A","2013",18648.3,
"SAU","TOUR_REC_EXP","INT-EXP","USD","A","2014",25137.27,
"SAU","TOUR_REC_EXP","INT-EXP","USD","A","2015",20366.011,
"SAU","TOUR_REC_EXP","INT-EXP","USD","A","2016",17670.131,
"SAU","TOUR_REC_EXP","INT-EXP","USD","A","2017",19064.694,
"SAU","TOUR_REC_EXP","INT-EXP","USD","A","2018",17939.717,
"SAU","TOUR_REC_EXP","INT-EXP","USD","A","2019",16414.478,
"SAU","TOUR_REC_EXP","INT-EXP","USD","A","2020",9068.832,
"MNE","TOUR_REC_EXP","INT_REC","USD","A","2008",860.54,
"MNE","TOUR_REC_EXP","INT_REC","USD","A","2009",791.783,
"MNE","TOUR_REC_EXP","INT_REC","USD","A","2010",765.274,
"MNE","TOUR_REC_EXP","INT_REC","USD","A","2011",926.772,
"MNE","TOUR_REC_EXP","INT_REC","USD","A","2012",859.457,
"MNE","TOUR_REC_EXP","INT_REC","USD","A","2013",929.286,
"MNE","TOUR_REC_EXP","INT_REC","USD","A","2014",958.76,
"MNE","TOUR_REC_EXP","INT_REC","USD","A","2015",947.536,
"MNE","TOUR_REC_EXP","INT_REC","USD","A","2016",978.192,
"MNE","TOUR_REC_EXP","INT_REC","USD","A","2017",1109.198,
"MNE","TOUR_REC_EXP","INT_REC","USD","A","2018",1224.299,
"MNE","TOUR_REC_EXP","INT_REC","USD","A","2019",1276.286,
"MNE","TOUR_REC_EXP","INT_REC","USD","A","2020",179.929,
"MNE","TOUR_REC_EXP","INT-EXP","USD","A","2008",80.726,
"MNE","TOUR_REC_EXP","INT-EXP","USD","A","2009",76.538,
"MNE","TOUR_REC_EXP","INT-EXP","USD","A","2010",72.402,
"MNE","TOUR_REC_EXP","INT-EXP","USD","A","2011",70.292,
"MNE","TOUR_REC_EXP","INT-EXP","USD","A","2012",67.335,
"MNE","TOUR_REC_EXP","INT-EXP","USD","A","2013",80.454,
"MNE","TOUR_REC_EXP","INT-EXP","USD","A","2014",78.838,
"MNE","TOUR_REC_EXP","INT-EXP","USD","A","2015",69.338,
"MNE","TOUR_REC_EXP","INT-EXP","USD","A","2016",90.991,
"MNE","TOUR_REC_EXP","INT-EXP","USD","A","2017",91.364,
"MNE","TOUR_REC_EXP","INT-EXP","USD","A","2018",73.907,
"MNE","TOUR_REC_EXP","INT-EXP","USD","A","2019",72.357,
"MNE","TOUR_REC_EXP","INT-EXP","USD","A","2020",37.702,
